apparentTemperatureMax,apparentTemperatureMaxTime,apparentTemperatureMin,apparentTemperatureMinTime,cloudCover,days,dewPoint,humidity,icon,locations,moonPhase,precipAccumulation,precipIntensity,precipIntensityMax,precipIntensityMaxTime,precipProbability,precipType,pressure,summary,sunriseTime,sunsetTime,temperatureMax,temperatureMaxTime,temperatureMin,temperatureMinTime,time,visibility,windBearing,windSpeed
50.46,1485961200,42.53,1485907200,0.95,2017-01-31,48.09,0.96,fog,9be000ae23275d57e1273d211a54ffd7,0.15,NaN,NaN,NaN,NaN,NaN,rain,1006.49,Foggy in the morning.,1485934901,1485967844,50.46,1485961200,46.65,1485907200,1485907200,4.39,173,8.52
51.1,1486047600,42.8,1486018800,0.8,2017-02-01,47.03,0.9,partly-cloudy-day,9be000ae23275d57e1273d211a54ffd7,0.19,NaN,NaN,NaN,NaN,NaN,rain,996.95,Mostly cloudy throughout the day.,1486021207,1486054355,51.1,1486047600,48.01,1486018800,1485993600,6.73,173,14.22
44.42,1486126800,31.72,1486159200,0.65,2017-02-02,41.89,0.86,partly-cloudy-day,9be000ae23275d57e1273d211a54ffd7,0.23,NaN,NaN,NaN,NaN,NaN,rain,994.66,Mostly cloudy throughout the day.,1486107511,1486140865,49.72,1486126800,39.57,1486162800,1486080000,7.2,175,11.07
44.77,1486220400,32.39,1486166400,0.23,2017-02-03,36.8,0.89,partly-cloudy-day,9be000ae23275d57e1273d211a54ffd7,0.27,NaN,NaN,NaN,NaN,NaN,rain,997.22,Partly cloudy until afternoon.,1486193814,1486227376,47.23,1486220400,35.52,1486188000,1486166400,7.47,188,3.3
34.89,1486306800,32.69,1486278000,0.49,2017-02-04,37.55,0.95,partly-cloudy-day,9be000ae23275d57e1273d211a54ffd7,0.3,NaN,NaN,NaN,NaN,NaN,rain,1003.64,Mostly cloudy throughout the day.,1486280114,1486313888,40.84,1486306800,37.03,1486278000,1486252800,5.31,25,3.99
39.93,1486389600,31.39,1486350000,0.31,2017-02-05,35.86,0.9,partly-cloudy-night,9be000ae23275d57e1273d211a54ffd7,0.34,NaN,NaN,NaN,NaN,NaN,rain,1017.2,Mostly cloudy starting in the afternoon.,1486366413,1486400399,44.36,1486389600,32.72,1486364400,1486339200,4.85,163,3.81
45.7,1486476000,32.85,1486425600,0.52,2017-02-06,39.52,0.89,fog,9be000ae23275d57e1273d211a54ffd7,0.38,NaN,NaN,NaN,NaN,NaN,rain,1014.23,Foggy in the morning.,1486452710,1486486911,48.87,1486476000,38.09,1486504800,1486425600,5.12,213,0.72
36.71,1486515600,30.18,1486594800,0.89,2017-02-07,35.25,0.9,partly-cloudy-day,9be000ae23275d57e1273d211a54ffd7,0.41,NaN,NaN,NaN,NaN,NaN,rain,1026.15,Mostly cloudy throughout the day.,1486539005,1486573422,39.48,1486515600,35.42,1486594800,1486512000,4.7,22,5.37
28.1,1486648800,26.16,1486670400,1.0,2017-02-08,31.23,0.89,fog,9be000ae23275d57e1273d211a54ffd7,0.45,NaN,NaN,NaN,NaN,NaN,rain,1027.84,Foggy overnight.,1486625299,1486659934,35.11,1486648800,33.52,1486681200,1486598400,4.96,50,7.82
27.62,1486742400,25.62,1486764000,0.89,2017-02-09,32.14,0.94,fog,9be000ae23275d57e1273d211a54ffd7,0.49,NaN,NaN,NaN,NaN,NaN,snow,1024.05,Foggy until afternoon.,1486711591,1486746445,34.48,1486742400,32.72,1486749600,1486684800,2.49,23,8.03
27.95,1486850400,24.46,1486800000,1.0,2017-02-10,32.21,0.94,fog,9be000ae23275d57e1273d211a54ffd7,0.52,NaN,NaN,NaN,NaN,NaN,snow,1022.61,Foggy until afternoon.,1486797881,1486832957,35.39,1486850400,31.97,1486800000,1486771200,2.71,12,8.41
33.08,1486940400,25.69,1486882800,0.99,2017-02-11,34.7,0.94,fog,9be000ae23275d57e1273d211a54ffd7,0.55,NaN,NaN,NaN,NaN,NaN,rain,1022.64,Foggy starting in the evening.,1486884170,1486919468,40.66,1486940400,33.69,1486882800,1486857600,2.2,60,10.56
41.75,1486994400,29.96,1486969200,0.07,2017-02-12,36.87,0.85,fog,9be000ae23275d57e1273d211a54ffd7,0.59,NaN,NaN,NaN,NaN,NaN,rain,1022.11,Foggy in the morning.,1486970458,1487005980,48.04,1486994400,37.99,1486969200,1486944000,3.2,83,14.03
50.06,1487080800,29.54,1487044800,0.41,2017-02-13,38.45,0.83,partly-cloudy-night,9be000ae23275d57e1273d211a54ffd7,0.62,NaN,NaN,NaN,NaN,NaN,rain,1023.32,Mostly cloudy throughout the day.,1487056744,1487092491,50.06,1487080800,36.75,1487055600,1487030400,5.38,113,8.23
51.64,1487163600,40.73,1487199600,0.63,2017-02-14,45.6,0.94,fog,9be000ae23275d57e1273d211a54ffd7,0.65,NaN,NaN,NaN,NaN,NaN,rain,1027.61,Foggy in the morning.,1487143028,1487179002,51.64,1487163600,45.27,1487199600,1487116800,4.9,183,6.43
51.16,1487257200,38.65,1487228400,0.43,2017-02-15,42.6,0.87,partly-cloudy-day,9be000ae23275d57e1273d211a54ffd7,0.68,NaN,NaN,NaN,NaN,NaN,rain,1029.27,Mostly cloudy until evening.,1487229312,1487265513,51.16,1487257200,42.42,1487224800,1487203200,7.01,239,8.16
52.93,1487343600,38.8,1487372400,0.41,2017-02-16,42.96,0.86,partly-cloudy-day,9be000ae23275d57e1273d211a54ffd7,0.71,NaN,NaN,NaN,NaN,NaN,rain,1027.68,Mostly cloudy until afternoon.,1487315594,1487352023,52.93,1487343600,42.33,1487372400,1487289600,6.98,242,4.97
51.39,1487433600,36.58,1487383200,0.54,2017-02-17,41.39,0.89,fog,9be000ae23275d57e1273d211a54ffd7,0.74,NaN,NaN,NaN,NaN,NaN,rain,1025.05,Foggy in the morning.,1487401875,1487438534,51.39,1487433600,40.43,1487458800,1487376000,4.4,206,6.7
51.83,1487516400,34.77,1487466000,0.59,2017-02-18,43.01,0.89,partly-cloudy-day,9be000ae23275d57e1273d211a54ffd7,0.77,NaN,NaN,NaN,NaN,NaN,rain,1022.22,Mostly cloudy until evening.,1487488154,1487525044,51.83,1487516400,39.09,1487469600,1487462400,5.87,245,7.67
59.87,1487599200,44.67,1487559600,0.66,2017-02-19,49.8,0.88,partly-cloudy-day,9be000ae23275d57e1273d211a54ffd7,0.8,NaN,NaN,NaN,NaN,NaN,rain,1018.47,Mostly cloudy throughout the day.,1487574433,1487611554,59.87,1487599200,48.72,1487563200,1487548800,6.46,257,11.47
54.15,1487682000,45.07,1487660400,0.87,2017-02-20,48.64,0.9,wind,9be000ae23275d57e1273d211a54ffd7,0.83,NaN,NaN,NaN,NaN,NaN,rain,1015.67,Mostly cloudy throughout the day and breezy overnight.,1487660710,1487698063,54.15,1487682000,49.27,1487656800,1487635200,6.95,249,12.4
54.53,1487761200,50.53,1487804400,0.93,2017-02-21,48.33,0.86,partly-cloudy-day,9be000ae23275d57e1273d211a54ffd7,0.86,NaN,NaN,NaN,NaN,NaN,rain,1007.87,Mostly cloudy throughout the day.,1487746986,1487784572,54.53,1487761200,50.53,1487804400,1487721600,7.28,248,16.82
50.71,1487808000,32.84,1487890800,0.68,2017-02-22,40.09,0.76,wind,9be000ae23275d57e1273d211a54ffd7,0.89,NaN,NaN,NaN,NaN,NaN,rain,997.73,Windy and mostly cloudy until evening.,1487833261,1487871081,50.71,1487808000,40.19,1487890800,1487808000,7.45,258,21.0
42.76,1487948400,29.4,1487919600,0.21,2017-02-23,32.18,0.71,partly-cloudy-day,9be000ae23275d57e1273d211a54ffd7,0.93,NaN,NaN,NaN,NaN,NaN,rain,1015.78,Partly cloudy until afternoon.,1487919535,1487957590,46.83,1487948400,36.7,1487919600,1487894400,8.05,281,8.21
43.52,1488027600,35.32,1487980800,0.68,2017-02-24,41.97,0.86,cloudy,9be000ae23275d57e1273d211a54ffd7,0.96,NaN,NaN,NaN,NaN,NaN,rain,1013.2,Overcast until evening.,1488005808,1488044098,49.36,1488027600,40.63,1487980800,1487980800,7.39,217,13.91
51.72,1488110400,41.55,1488150000,0.79,2017-02-25,45.61,0.87,partly-cloudy-day,9be000ae23275d57e1273d211a54ffd7,0.99,NaN,NaN,NaN,NaN,NaN,rain,1005.48,Mostly cloudy until evening.,1488092081,1488130606,51.72,1488110400,47.21,1488150000,1488067200,6.97,222,15.06
41.53,1488157200,30.75,1488236400,0.5,2017-02-26,40.4,0.89,partly-cloudy-day,9be000ae23275d57e1273d211a54ffd7,0.03,NaN,NaN,NaN,NaN,NaN,rain,989.96,Mostly cloudy throughout the day.,1488178352,1488217114,46.73,1488157200,37.36,1488236400,1488153600,7.61,212,11.4
36.7,1488322800,27.31,1488265200,0.54,2017-02-27,35.07,0.85,partly-cloudy-night,9be000ae23275d57e1273d211a54ffd7,0.06,NaN,NaN,NaN,NaN,NaN,rain,988.31,Mostly cloudy in the morning.,1488264622,1488303621,44.46,1488322800,34.02,1488265200,1488240000,7.73,246,11.38
42.75,1488376800,33.79,1488409200,0.66,2017-02-28,38.56,0.83,wind,9be000ae23275d57e1273d211a54ffd7,0.1,NaN,NaN,NaN,NaN,NaN,rain,998.05,Mostly cloudy throughout the day and breezy overnight.,1488350892,1488390128,47.22,1488376800,39.76,1488348000,1488326400,7.55,244,9.53
42.75,1486990800,28.22,1486965600,0.11,2017-02-12,37.03,0.89,clear-day,a35e427b4130be7b2a892e286f0ebb91,0.59,NaN,0.0,0.0,NaN,0.0,NaN,1024.27,Clear throughout the day.,1486970414,1487005802,48.83,1486990800,36.96,1486969200,1486944000,3.4,83,13.99
50.94,1487080800,28.58,1487044800,0.24,2017-02-13,38.57,0.86,partly-cloudy-night,a35e427b4130be7b2a892e286f0ebb91,0.62,NaN,0.0,0.0,NaN,0.0,NaN,1024.27,Mostly cloudy starting in the afternoon.,1487056698,1487092315,50.94,1487080800,36.06,1487055600,1487030400,4.91,118,8.71
53.2,1487163600,39.81,1487142000,0.57,2017-02-14,45.47,0.92,rain,a35e427b4130be7b2a892e286f0ebb91,0.65,NaN,0.0032,0.0433,1487188800.0,0.71,rain,1027.07,Light rain in the evening.,1487142981,1487178828,53.2,1487163600,43.73,1487142000,1487116800,5.33,185,8.07
51.6,1487253600,36.2,1487232000,0.34,2017-02-15,42.77,0.89,partly-cloudy-night,a35e427b4130be7b2a892e286f0ebb91,0.68,NaN,0.0002,0.0056,1487268000.0,0.25,rain,1027.83,Partly cloudy in the morning.,1487229262,1487265341,51.6,1487253600,41.78,1487232000,1487203200,6.88,237,10.35
53.19,1487343600,37.94,1487289600,0.39,2017-02-16,43.68,0.88,partly-cloudy-day,a35e427b4130be7b2a892e286f0ebb91,0.71,NaN,0.0,0.0,NaN,0.0,NaN,1026.9,Mostly cloudy until afternoon.,1487315542,1487351854,53.19,1487343600,42.99,1487289600,1487289600,7.15,245,4.76
43.88,1487433600,34.37,1487397600,0.08,2017-02-17,41.55,0.93,clear-day,a35e427b4130be7b2a892e286f0ebb91,0.74,NaN,0.0,0.0,NaN,0.0,NaN,1024.39,Clear throughout the day.,1487401821,1487438366,48.09,1487433600,40.39,1487458800,1487376000,4.68,210,7.93
51.68,1487516400,33.74,1487462400,0.41,2017-02-18,43.9,0.9,partly-cloudy-night,a35e427b4130be7b2a892e286f0ebb91,0.77,NaN,0.0,0.0,NaN,0.0,NaN,1020.79,Mostly cloudy starting in the evening.,1487488099,1487524878,51.68,1487516400,39.9,1487462400,1487462400,6.18,242,9.39
61.45,1487592000,43.93,1487548800,0.65,2017-02-19,50.27,0.88,partly-cloudy-day,a35e427b4130be7b2a892e286f0ebb91,0.8,NaN,0.0,0.0,NaN,0.0,NaN,1016.49,Mostly cloudy throughout the day.,1487574375,1487611390,61.45,1487592000,48.63,1487548800,1487548800,6.85,258,12.85
54.5,1487689200,44.79,1487653200,0.64,2017-02-20,48.54,0.89,wind,a35e427b4130be7b2a892e286f0ebb91,0.83,NaN,0.0,0.0,NaN,0.0,NaN,1013.77,Mostly cloudy throughout the day and breezy starting in the evening.,1487660650,1487697902,54.5,1487689200,48.67,1487656800,1487635200,7.34,246,12.22
53.54,1487757600,45.4,1487800800,0.87,2017-02-21,48.4,0.9,rain,a35e427b4130be7b2a892e286f0ebb91,0.86,NaN,0.005,0.0334,1487775600.0,0.67,rain,1005.52,"Light rain until afternoon, starting again overnight.",1487746924,1487784413,53.54,1487757600,48.81,1487804400,1487721600,6.46,249,14.05
50.56,1487840400,31.88,1487890800,0.73,2017-02-22,41.04,0.81,wind,a35e427b4130be7b2a892e286f0ebb91,0.89,NaN,0.0056,0.03,1487815200.0,0.66,rain,994.31,Windy and mostly cloudy until evening.,1487833197,1487870924,50.56,1487840400,39.31,1487890800,1487808000,7.08,260,21.48
42.66,1487952000,29.07,1487919600,0.34,2017-02-23,34.03,0.78,partly-cloudy-day,a35e427b4130be7b2a892e286f0ebb91,0.93,NaN,0.0,0.0,NaN,0.0,NaN,1014.48,Partly cloudy until afternoon.,1487919470,1487957434,46.85,1487952000,36.82,1487919600,1487894400,7.63,281,8.12
50.57,1488027600,33.98,1487984400,NaN,2017-02-24,42.2,0.86,rain,a35e427b4130be7b2a892e286f0ebb91,0.96,NaN,0.0011,0.0111,1488052800.0,0.52,rain,1011.59,Light rain in the evening.,1488005741,1488043945,50.57,1488027600,40.36,1487984400,1487980800,7.38,215,15.66
52.67,1488114000,41.11,1488067200,0.45,2017-02-25,45.55,0.86,rain,a35e427b4130be7b2a892e286f0ebb91,0.99,NaN,0.0013,0.0256,1488146400.0,0.64,rain,1004.28,Breezy in the evening and light rain overnight.,1488092011,1488130455,52.67,1488114000,47.2,1488150000,1488067200,7.26,220,17.1
42.86,1488196800,29.2,1488236400,0.51,2017-02-26,40.81,0.89,partly-cloudy-day,a35e427b4130be7b2a892e286f0ebb91,0.03,NaN,0.0008,0.0156,1488207600.0,0.57,rain,988.75,Partly cloudy until evening.,1488178280,1488216964,49.0,1488196800,36.55,1488236400,1488153600,7.43,208,13.0
37.36,1488286800,27.15,1488261600,0.55,2017-02-27,35.57,0.88,rain,a35e427b4130be7b2a892e286f0ebb91,0.06,NaN,0.003,0.0556,1488315600.0,0.74,rain,986.65,Rain starting in the evening.,1488264549,1488303473,44.54,1488286800,35.15,1488261600,1488240000,7.25,241,12.11
42.01,1488376800,29.89,1488348000,0.6,2017-02-28,38.35,0.85,rain,a35e427b4130be7b2a892e286f0ebb91,0.1,NaN,0.0008,0.02,1488409200.0,0.61,rain,996.63,Light rain and breezy overnight.,1488350816,1488389982,47.87,1488376800,35.94,1488351600,1488326400,7.19,246,9.73
43.54,1486468800,33.36,1486508400,0.35,2017-02-06,40.03,0.88,partly-cloudy-night,185674a2eb5c14fbdbb1d05a4109ea55,0.38,NaN,NaN,NaN,NaN,NaN,rain,1014.86,Partly cloudy in the morning.,1486453301,1486487850,47.91,1486468800,38.22,1486508400,1486425600,7.15,267,5.7
44.66,1486562400,31.07,1486591200,0.46,2017-02-07,36.53,0.87,partly-cloudy-night,185674a2eb5c14fbdbb1d05a4109ea55,0.41,NaN,NaN,NaN,NaN,NaN,rain,1026.9,Mostly cloudy throughout the day.,1486539601,1486574357,46.73,1486562400,36.6,1486594800,1486512000,7.79,353,3.68
31.84,1486648800,24.82,1486620000,0.6,2017-02-08,31.28,0.84,partly-cloudy-night,185674a2eb5c14fbdbb1d05a4109ea55,0.45,NaN,NaN,NaN,NaN,NaN,rain,1025.88,Mostly cloudy throughout the day.,1486625898,1486660864,39.22,1486648800,31.68,1486620000,1486598400,6.0,77,10.42
31.0,1486735200,24.88,1486760400,0.69,2017-02-09,30.5,0.84,partly-cloudy-day,185674a2eb5c14fbdbb1d05a4109ea55,0.49,NaN,NaN,NaN,NaN,NaN,rain,1023.93,Mostly cloudy until afternoon.,1486712195,1486747371,38.06,1486735200,31.1,1486764000,1486684800,4.77,45,10.54
28.82,1486821600,24.57,1486771200,NaN,2017-02-10,29.57,0.82,clear-day,185674a2eb5c14fbdbb1d05a4109ea55,0.52,NaN,NaN,NaN,NaN,NaN,rain,1024.41,Clear throughout the day.,1486798490,1486833879,36.03,1486821600,30.65,1486771200,1486771200,6.66,16,9.01
31.82,1486940400,26.38,1486893600,NaN,2017-02-11,33.28,0.86,partly-cloudy-night,185674a2eb5c14fbdbb1d05a4109ea55,0.55,NaN,NaN,NaN,NaN,NaN,rain,1020.48,Mostly cloudy in the morning.,1486884783,1486920386,41.08,1486940400,35.06,1486857600,1486857600,5.17,59,15.86
51.61,1486994400,31.84,1486944000,0.13,2017-02-12,38.39,0.77,partly-cloudy-day,185674a2eb5c14fbdbb1d05a4109ea55,0.59,NaN,NaN,NaN,NaN,NaN,rain,1015.95,Partly cloudy until afternoon.,1486971075,1487006893,51.61,1486994400,41.23,1486944000,1486944000,5.16,85,19.54
44.88,1487088000,33.04,1487048400,0.71,2017-02-13,42.93,0.93,fog,185674a2eb5c14fbdbb1d05a4109ea55,0.62,NaN,NaN,NaN,NaN,NaN,rain,1019.85,Foggy starting in the evening.,1487057365,1487093399,48.23,1487088000,41.22,1487048400,1487030400,2.64,104,11.7
52.17,1487170800,41.54,1487199600,0.53,2017-02-14,46.08,0.93,partly-cloudy-day,185674a2eb5c14fbdbb1d05a4109ea55,0.65,NaN,NaN,NaN,NaN,NaN,rain,1026.46,Partly cloudy throughout the day.,1487143654,1487179906,52.17,1487170800,46.17,1487199600,1487116800,5.43,189,6.58
52.12,1487253600,36.05,1487228400,0.41,2017-02-15,43.15,0.91,partly-cloudy-day,185674a2eb5c14fbdbb1d05a4109ea55,0.68,NaN,NaN,NaN,NaN,NaN,rain,1030.23,Mostly cloudy throughout the day.,1487229942,1487266412,52.12,1487253600,39.63,1487228400,1487203200,6.64,240,6.18
46.4,1487336400,38.95,1487293200,0.18,2017-02-16,43.46,0.94,fog,185674a2eb5c14fbdbb1d05a4109ea55,0.71,NaN,NaN,NaN,NaN,NaN,rain,1027.73,Foggy overnight.,1487316228,1487352919,49.45,1487336400,40.72,1487311200,1487289600,5.19,170,4.71
52.32,1487426400,37.98,1487386800,0.0,2017-02-17,44.15,0.93,fog,185674a2eb5c14fbdbb1d05a4109ea55,0.74,NaN,NaN,NaN,NaN,NaN,rain,1024.23,Foggy in the morning.,1487402514,1487439425,52.32,1487426400,43.12,1487386800,1487376000,3.24,143,5.97
51.51,1487516400,38.86,1487480400,NaN,2017-02-18,46.16,0.93,fog,185674a2eb5c14fbdbb1d05a4109ea55,0.77,NaN,NaN,NaN,NaN,NaN,rain,1023.73,Foggy overnight.,1487488798,1487525930,51.51,1487516400,43.9,1487462400,1487462400,5.01,260,8.16
53.29,1487599200,43.51,1487631600,0.89,2017-02-19,49.1,0.96,fog,185674a2eb5c14fbdbb1d05a4109ea55,0.8,NaN,NaN,NaN,NaN,NaN,rain,1022.06,Foggy in the morning.,1487575080,1487612436,53.29,1487599200,48.63,1487631600,1487548800,3.58,273,10.68
51.59,1487682000,42.77,1487646000,0.82,2017-02-20,48.28,0.93,wind,185674a2eb5c14fbdbb1d05a4109ea55,0.83,NaN,NaN,NaN,NaN,NaN,rain,1018.6,Mostly cloudy throughout the day and breezy overnight.,1487661362,1487698941,51.59,1487682000,48.52,1487646000,1487635200,4.62,260,15.61
51.96,1487772000,41.35,1487736000,0.77,2017-02-21,48.35,0.92,partly-cloudy-day,185674a2eb5c14fbdbb1d05a4109ea55,0.86,NaN,NaN,NaN,NaN,NaN,rain,1011.44,Mostly cloudy until evening.,1487747643,1487785446,51.96,1487772000,48.63,1487736000,1487721600,4.33,253,19.23
50.15,1487829600,33.7,1487890800,0.52,2017-02-22,39.78,0.77,wind,185674a2eb5c14fbdbb1d05a4109ea55,0.89,NaN,NaN,NaN,NaN,NaN,rain,1003.21,"Windy until afternoon and mostly cloudy starting in the afternoon, continuing until evening.",1487833922,1487871950,50.15,1487829600,40.97,1487890800,1487808000,7.4,270,20.78
44.38,1487948400,32.16,1487901600,0.07,2017-02-23,35.39,0.74,partly-cloudy-day,185674a2eb5c14fbdbb1d05a4109ea55,0.93,NaN,NaN,NaN,NaN,NaN,rain,1018.0,Partly cloudy in the afternoon.,1487920201,1487958454,48.37,1487948400,37.09,1487919600,1487894400,8.55,279,7.3
43.38,1488024000,39.05,1487995200,NaN,2017-02-24,43.85,0.86,clear-day,185674a2eb5c14fbdbb1d05a4109ea55,0.96,NaN,NaN,NaN,NaN,NaN,rain,1012.78,Clear throughout the day.,1488006478,1488044958,49.74,1488024000,45.18,1487980800,1487980800,7.28,215,15.62
50.49,1488117600,40.56,1488106800,NaN,2017-02-25,45.37,0.9,clear-day,185674a2eb5c14fbdbb1d05a4109ea55,0.99,NaN,NaN,NaN,NaN,NaN,rain,1005.49,Clear throughout the day.,1488092755,1488131462,50.49,1488117600,45.64,1488150000,1488067200,6.57,222,13.98
40.71,1488153600,30.05,1488225600,0.51,2017-02-26,38.44,0.88,partly-cloudy-night,185674a2eb5c14fbdbb1d05a4109ea55,0.03,NaN,NaN,NaN,NaN,NaN,rain,989.44,Mostly cloudy in the morning.,1488179030,1488217965,45.67,1488153600,37.08,1488236400,1488153600,7.45,229,11.39
38.62,1488297600,28.41,1488240000,0.4,2017-02-27,35.94,0.81,partly-cloudy-day,185674a2eb5c14fbdbb1d05a4109ea55,0.06,NaN,NaN,NaN,NaN,NaN,rain,991.25,Partly cloudy until evening.,1488265305,1488304468,46.38,1488297600,34.85,1488265200,1488240000,7.91,271,14.71
36.95,1488394800,34.98,1488409200,0.5,2017-02-28,39.18,0.85,wind,185674a2eb5c14fbdbb1d05a4109ea55,0.1,NaN,NaN,NaN,NaN,NaN,rain,999.91,Partly cloudy throughout the day and breezy overnight.,1488351579,1488390970,45.16,1488394800,41.3,1488351600,1488326400,6.83,256,9.83
36.15,1486512000,29.75,1486587600,0.94,2017-02-07,34.92,0.91,cloudy,afbddd7f957a1c822293616e95a2d84c,0.41,NaN,NaN,NaN,NaN,NaN,rain,1027.29,Overcast throughout the day.,1486539398,1486573407,38.89,1486512000,34.96,1486594800,1486512000,5.48,59,5.62
28.06,1486645200,25.19,1486666800,0.98,2017-02-08,29.71,0.85,cloudy,afbddd7f957a1c822293616e95a2d84c,0.45,NaN,NaN,NaN,NaN,NaN,snow,1029.35,Overcast throughout the day.,1486625686,1486659924,34.96,1486645200,32.31,1486681200,1486598400,8.15,79,6.86
28.56,1486735200,24.24,1486767600,0.87,2017-02-09,30.61,0.89,partly-cloudy-day,afbddd7f957a1c822293616e95a2d84c,0.49,NaN,NaN,NaN,NaN,NaN,snow,1026.15,Mostly cloudy throughout the day.,1486711973,1486746441,35.73,1486735200,32.37,1486706400,1486684800,5.34,32,8.23
27.57,1486850400,24.26,1486774800,0.98,2017-02-10,32.99,0.94,fog,afbddd7f957a1c822293616e95a2d84c,0.52,NaN,NaN,NaN,NaN,NaN,snow,1024.92,Foggy in the morning.,1486798258,1486832958,36.53,1486850400,32.18,1486792800,1486771200,3.51,22,9.29
27.9,1486940400,24.66,1486882800,1.0,2017-02-11,34.6,0.94,fog,afbddd7f957a1c822293616e95a2d84c,0.55,NaN,NaN,NaN,NaN,NaN,rain,1025.76,Foggy starting in the afternoon.,1486884542,1486919475,37.19,1486940400,35.23,1486904400,1486857600,3.39,64,16.24
38.53,1486994400,27.04,1486962000,0.49,2017-02-12,36.49,0.91,fog,afbddd7f957a1c822293616e95a2d84c,0.59,NaN,NaN,NaN,NaN,NaN,rain,1025.38,Foggy in the morning.,1486970824,1487005991,45.61,1486994400,35.99,1487026800,1486944000,2.32,74,16.51
41.66,1487088000,25.14,1487055600,0.31,2017-02-13,36.9,0.89,fog,afbddd7f957a1c822293616e95a2d84c,0.62,NaN,NaN,NaN,NaN,NaN,rain,1024.29,Foggy in the morning.,1487057104,1487092508,45.87,1487088000,33.1,1487055600,1487030400,3.58,100,8.93
50.41,1487163600,40.36,1487199600,0.81,2017-02-14,44.96,0.95,fog,afbddd7f957a1c822293616e95a2d84c,0.65,NaN,NaN,NaN,NaN,NaN,rain,1026.11,Foggy in the morning.,1487143384,1487179024,50.41,1487163600,44.12,1487145600,1487116800,3.62,189,5.62
43.79,1487253600,34.6,1487232000,0.45,2017-02-15,41.19,0.87,partly-cloudy-day,afbddd7f957a1c822293616e95a2d84c,0.68,NaN,NaN,NaN,NaN,NaN,rain,1026.76,Mostly cloudy throughout the day.,1487229662,1487265540,48.78,1487253600,40.91,1487232000,1487203200,8.56,240,10.93
51.71,1487340000,39.61,1487304000,0.76,2017-02-16,42.42,0.85,partly-cloudy-day,afbddd7f957a1c822293616e95a2d84c,0.71,NaN,NaN,NaN,NaN,NaN,rain,1026.54,Mostly cloudy throughout the day.,1487315938,1487352056,51.71,1487340000,43.92,1487304000,1487289600,8.74,233,5.72
42.19,1487430000,34.75,1487404800,0.7,2017-02-17,42.12,0.92,fog,afbddd7f957a1c822293616e95a2d84c,0.74,NaN,NaN,NaN,NaN,NaN,rain,1023.24,Foggy in the morning.,1487402214,1487438572,47.33,1487430000,40.62,1487401200,1487376000,4.6,215,9.26
51.24,1487516400,39.79,1487466000,0.69,2017-02-18,44.54,0.87,partly-cloudy-day,afbddd7f957a1c822293616e95a2d84c,0.77,NaN,NaN,NaN,NaN,NaN,rain,1019.93,Mostly cloudy throughout the day.,1487488488,1487525087,51.24,1487516400,45.13,1487487600,1487462400,7.91,249,9.4
57.32,1487599200,44.1,1487548800,0.8,2017-02-19,49.1,0.88,partly-cloudy-day,afbddd7f957a1c822293616e95a2d84c,0.8,NaN,NaN,NaN,NaN,NaN,rain,1015.94,Mostly cloudy throughout the day.,1487574761,1487611602,57.32,1487599200,49.19,1487552400,1487548800,8.45,262,13.75
53.38,1487689200,41.78,1487664000,0.78,2017-02-20,45.95,0.85,wind,afbddd7f957a1c822293616e95a2d84c,0.83,NaN,NaN,NaN,NaN,NaN,rain,1012.67,Mostly cloudy throughout the day and breezy overnight.,1487661033,1487698117,53.38,1487689200,45.54,1487664000,1487635200,8.74,247,11.85
52.48,1487725200,43.38,1487754000,0.84,2017-02-21,44.62,0.82,partly-cloudy-day,afbddd7f957a1c822293616e95a2d84c,0.86,NaN,NaN,NaN,NaN,NaN,rain,1004.24,Mostly cloudy throughout the day.,1487747304,1487784632,52.48,1487725200,45.66,1487804400,1487721600,8.12,267,14.18
42.88,1487826000,31.13,1487851200,0.83,2017-02-22,39.5,0.83,wind,afbddd7f957a1c822293616e95a2d84c,0.89,NaN,NaN,NaN,NaN,NaN,rain,992.92,Mostly cloudy throughout the day and windy until evening.,1487833574,1487871146,49.29,1487826000,38.47,1487890800,1487808000,7.89,261,17.67
40.73,1487944800,29.24,1487916000,0.65,2017-02-23,33.49,0.75,partly-cloudy-day,afbddd7f957a1c822293616e95a2d84c,0.93,NaN,NaN,NaN,NaN,NaN,rain,1014.14,Mostly cloudy throughout the day.,1487919843,1487957660,45.61,1487944800,36.17,1487919600,1487894400,9.27,272,7.85
41.83,1488031200,34.46,1487991600,0.92,2017-02-24,42.37,0.87,partly-cloudy-day,afbddd7f957a1c822293616e95a2d84c,0.96,NaN,NaN,NaN,NaN,NaN,rain,1008.74,Mostly cloudy throughout the day.,1488006110,1488044174,48.88,1488031200,41.82,1487984400,1487980800,8.65,217,17.58
50.45,1488128400,39.24,1488150000,0.78,2017-02-25,43.37,0.83,partly-cloudy-day,afbddd7f957a1c822293616e95a2d84c,0.99,NaN,NaN,NaN,NaN,NaN,rain,1001.23,Mostly cloudy throughout the day.,1488092377,1488130687,50.45,1488128400,45.21,1488150000,1488067200,8.99,221,16.28
39.19,1488189600,28.28,1488232800,0.67,2017-02-26,38.24,0.89,partly-cloudy-day,afbddd7f957a1c822293616e95a2d84c,0.03,NaN,NaN,NaN,NaN,NaN,rain,987.09,Mostly cloudy throughout the day.,1488178643,1488217200,45.55,1488189600,34.89,1488232800,1488153600,8.54,214,9.14
33.73,1488283200,25.44,1488261600,0.64,2017-02-27,35.05,0.9,partly-cloudy-day,afbddd7f957a1c822293616e95a2d84c,0.06,NaN,NaN,NaN,NaN,NaN,rain,985.66,Mostly cloudy throughout the day.,1488264908,1488303712,41.64,1488283200,33.25,1488261600,1488240000,7.69,244,9.47
41.3,1488380400,28.8,1488348000,0.7,2017-02-28,35.73,0.83,partly-cloudy-day,afbddd7f957a1c822293616e95a2d84c,0.1,NaN,NaN,NaN,NaN,NaN,rain,995.93,Mostly cloudy throughout the day.,1488351173,1488390225,46.98,1488380400,34.95,1488348000,1488326400,8.44,247,8.9
43.63,1486080000,32.88,1486159200,0.69,2017-02-02,42.14,0.87,partly-cloudy-day,81cea1e224ad183b751acce139f4e276,0.23,NaN,NaN,NaN,NaN,NaN,rain,994.81,Mostly cloudy throughout the day.,1486107482,1486140999,49.12,1486080000,39.92,1486162800,1486080000,7.27,179,10.88
44.86,1486220400,33.96,1486166400,0.31,2017-02-03,37.3,0.88,partly-cloudy-day,81cea1e224ad183b751acce139f4e276,0.27,NaN,NaN,NaN,NaN,NaN,rain,997.28,Partly cloudy until afternoon.,1486193787,1486227508,47.37,1486220400,36.89,1486180800,1486166400,7.85,190,2.9
36.72,1486306800,33.66,1486270800,0.5,2017-02-04,37.71,0.93,partly-cloudy-day,81cea1e224ad183b751acce139f4e276,0.3,NaN,NaN,NaN,NaN,NaN,rain,1003.34,Mostly cloudy throughout the day.,1486280089,1486314018,42.09,1486306800,37.25,1486263600,1486252800,6.29,19,4.1
40.04,1486389600,30.58,1486364400,0.42,2017-02-05,35.66,0.9,partly-cloudy-night,81cea1e224ad183b751acce139f4e276,0.34,NaN,NaN,NaN,NaN,NaN,rain,1017.21,Mostly cloudy throughout the day.,1486366390,1486400527,44.7,1486389600,30.58,1486364400,1486339200,5.32,161,3.89
47.24,1486479600,35.19,1486425600,0.56,2017-02-06,39.93,0.88,partly-cloudy-day,81cea1e224ad183b751acce139f4e276,0.38,NaN,NaN,NaN,NaN,NaN,rain,1014.23,Partly cloudy throughout the day.,1486452688,1486487037,49.45,1486479600,38.66,1486504800,1486425600,6.11,251,1.96
35.93,1486555200,30.86,1486594800,0.88,2017-02-07,35.68,0.89,partly-cloudy-day,81cea1e224ad183b751acce139f4e276,0.41,NaN,NaN,NaN,NaN,NaN,rain,1025.96,Mostly cloudy throughout the day.,1486538986,1486573547,40.32,1486555200,36.09,1486594800,1486512000,5.86,15,4.64
28.93,1486648800,27.14,1486670400,1.0,2017-02-08,31.78,0.88,fog,81cea1e224ad183b751acce139f4e276,0.45,NaN,NaN,NaN,NaN,NaN,rain,1027.43,Foggy overnight.,1486625281,1486660056,35.72,1486648800,34.48,1486681200,1486598400,4.69,48,7.89
28.04,1486742400,26.67,1486760400,0.92,2017-02-09,32.56,0.94,fog,81cea1e224ad183b751acce139f4e276,0.49,NaN,NaN,NaN,NaN,NaN,rain,1023.73,Foggy until afternoon.,1486711575,1486746566,35.15,1486742400,32.98,1486753200,1486684800,2.36,23,7.63
29.28,1486854000,25.26,1486800000,1.0,2017-02-10,32.08,0.92,cloudy,81cea1e224ad183b751acce139f4e276,0.52,NaN,NaN,NaN,NaN,NaN,snow,1022.36,Overcast throughout the day.,1486797867,1486833076,35.8,1486854000,32.58,1486800000,1486771200,3.05,9,7.91
34.26,1486936800,27.08,1486890000,1.0,2017-02-11,34.89,0.92,fog,81cea1e224ad183b751acce139f4e276,0.55,NaN,NaN,NaN,NaN,NaN,rain,1022.0,Foggy in the evening.,1486884158,1486919585,41.65,1486936800,34.47,1486890000,1486857600,2.63,59,10.1
42.99,1486994400,30.77,1486969200,0.14,2017-02-12,36.87,0.83,clear-day,81cea1e224ad183b751acce139f4e276,0.59,NaN,NaN,NaN,NaN,NaN,rain,1021.16,Clear throughout the day.,1486970447,1487006095,48.77,1486994400,38.18,1486969200,1486944000,3.62,78,12.9
50.55,1487084400,29.69,1487048400,0.53,2017-02-13,38.76,0.84,partly-cloudy-night,81cea1e224ad183b751acce139f4e276,0.62,NaN,NaN,NaN,NaN,NaN,rain,1022.97,Mostly cloudy throughout the day.,1487056735,1487092604,50.55,1487084400,36.11,1487048400,1487030400,5.37,111,7.28
50.68,1487156400,40.85,1487199600,0.7,2017-02-14,45.66,0.95,fog,81cea1e224ad183b751acce139f4e276,0.65,NaN,NaN,NaN,NaN,NaN,rain,1027.79,Foggy in the morning.,1487143022,1487179113,50.68,1487156400,45.08,1487199600,1487116800,4.92,185,5.77
51.63,1487257200,39.52,1487224800,0.53,2017-02-15,42.64,0.87,partly-cloudy-day,81cea1e224ad183b751acce139f4e276,0.68,NaN,NaN,NaN,NaN,NaN,rain,1029.71,Partly cloudy throughout the day.,1487229307,1487265622,51.63,1487257200,42.69,1487221200,1487203200,7.56,239,7.13
52.92,1487336400,38.69,1487372400,0.41,2017-02-16,42.88,0.87,partly-cloudy-day,81cea1e224ad183b751acce139f4e276,0.71,NaN,NaN,NaN,NaN,NaN,rain,1027.94,Partly cloudy until afternoon.,1487315591,1487352131,52.92,1487336400,41.73,1487368800,1487289600,6.65,236,4.85
52.86,1487430000,36.74,1487458800,0.56,2017-02-17,41.46,0.88,fog,81cea1e224ad183b751acce139f4e276,0.74,NaN,NaN,NaN,NaN,NaN,rain,1025.21,Foggy in the morning.,1487401874,1487438639,52.86,1487430000,39.42,1487458800,1487376000,4.71,196,5.57
52.35,1487516400,32.65,1487473200,0.69,2017-02-18,42.3,0.88,partly-cloudy-day,81cea1e224ad183b751acce139f4e276,0.77,NaN,NaN,NaN,NaN,NaN,rain,1022.68,Mostly cloudy throughout the day.,1487488155,1487525148,52.35,1487516400,36.62,1487469600,1487462400,5.88,247,6.79
60.55,1487599200,45.71,1487559600,0.81,2017-02-19,49.68,0.88,partly-cloudy-day,81cea1e224ad183b751acce139f4e276,0.8,NaN,NaN,NaN,NaN,NaN,rain,1019.13,Mostly cloudy throughout the day.,1487574435,1487611656,60.55,1487599200,49.01,1487563200,1487548800,6.78,257,10.2
55.01,1487685600,45.65,1487660400,0.9,2017-02-20,48.69,0.88,cloudy,81cea1e224ad183b751acce139f4e276,0.83,NaN,NaN,NaN,NaN,NaN,rain,1016.4,Overcast throughout the day.,1487660714,1487698163,55.01,1487685600,49.64,1487660400,1487635200,7.45,253,12.14
54.08,1487764800,50.36,1487804400,0.95,2017-02-21,48.49,0.88,wind,81cea1e224ad183b751acce139f4e276,0.86,NaN,NaN,NaN,NaN,NaN,rain,1008.96,Breezy in the morning and overcast throughout the day.,1487746993,1487784671,54.08,1487764800,50.36,1487804400,1487721600,7.07,246,16.37
50.46,1487833200,34.49,1487890800,0.69,2017-02-22,39.76,0.74,wind,81cea1e224ad183b751acce139f4e276,0.89,NaN,NaN,NaN,NaN,NaN,rain,999.1,Windy and mostly cloudy until evening.,1487833270,1487871178,50.46,1487833200,41.22,1487890800,1487808000,7.69,258,20.17
43.58,1487948400,30.04,1487919600,0.24,2017-02-23,31.58,0.69,partly-cloudy-day,81cea1e224ad183b751acce139f4e276,0.93,NaN,NaN,NaN,NaN,NaN,rain,1016.2,Partly cloudy until evening.,1487919546,1487957684,47.35,1487948400,36.23,1487916000,1487894400,8.71,282,6.93
43.51,1488031200,36.25,1487980800,0.68,2017-02-24,42.42,0.86,cloudy,81cea1e224ad183b751acce139f4e276,0.96,NaN,NaN,NaN,NaN,NaN,rain,1013.93,Overcast until evening.,1488005821,1488044191,49.35,1488031200,40.84,1487980800,1487980800,7.83,217,14.02
51.67,1488110400,41.58,1488150000,0.86,2017-02-25,46.15,0.89,wind,81cea1e224ad183b751acce139f4e276,0.99,NaN,NaN,NaN,NaN,NaN,rain,1006.24,Mostly cloudy throughout the day and breezy in the evening.,1488092095,1488130697,51.67,1488110400,47.6,1488150000,1488067200,6.49,222,15.41
42.12,1488153600,30.73,1488236400,0.63,2017-02-26,40.59,0.88,partly-cloudy-day,81cea1e224ad183b751acce139f4e276,0.03,NaN,NaN,NaN,NaN,NaN,rain,990.47,Mostly cloudy throughout the day.,1488178368,1488217203,47.41,1488153600,37.19,1488236400,1488153600,7.41,216,11.73
37.83,1488322800,27.73,1488265200,0.59,2017-02-27,34.82,0.83,partly-cloudy-night,81cea1e224ad183b751acce139f4e276,0.06,NaN,NaN,NaN,NaN,NaN,rain,988.92,Mostly cloudy in the morning.,1488264640,1488303708,45.01,1488322800,33.35,1488265200,1488240000,8.15,249,11.14
42.04,1488373200,34.61,1488409200,0.72,2017-02-28,38.86,0.82,wind,81cea1e224ad183b751acce139f4e276,0.1,NaN,NaN,NaN,NaN,NaN,rain,998.56,Mostly cloudy throughout the day and breezy overnight.,1488350912,1488390213,46.85,1488373200,41.29,1488351600,1488326400,7.89,242,9.74
51.87,1487340000,40.04,1487372400,0.49,2017-02-16,43.21,0.87,partly-cloudy-day,5f1ce9b7c8cd32c08d98310540fb6604,0.71,NaN,0.0,0.0,NaN,0.0,NaN,1027.57,Mostly cloudy until evening.,1487316105,1487352594,51.87,1487340000,43.77,1487361600,1487289600,7.92,213,5.07
52.44,1487433600,38.37,1487390400,0.64,2017-02-17,43.0,0.91,fog,5f1ce9b7c8cd32c08d98310540fb6604,0.74,NaN,0.0,0.0,NaN,0.0,NaN,1024.35,Foggy in the morning.,1487402387,1487439104,52.44,1487433600,42.67,1487390400,1487376000,4.17,183,5.12
50.82,1487516400,39.64,1487491200,0.84,2017-02-18,45.72,0.92,partly-cloudy-day,5f1ce9b7c8cd32c08d98310540fb6604,0.77,NaN,0.0,0.0,NaN,0.0,NaN,1022.6,Mostly cloudy throughout the day.,1487488668,1487525613,50.82,1487516400,44.36,1487462400,1487462400,6.51,249,10.78
53.83,1487595600,41.2,1487631600,0.88,2017-02-19,48.83,0.97,fog,5f1ce9b7c8cd32c08d98310540fb6604,0.8,NaN,0.0,0.0,NaN,0.0,NaN,1020.22,Foggy in the morning.,1487574947,1487612121,53.83,1487595600,48.1,1487548800,1487548800,3.74,251,12.96
51.09,1487678400,41.39,1487635200,0.86,2017-02-20,48.75,0.98,wind,5f1ce9b7c8cd32c08d98310540fb6604,0.83,NaN,0.2233,5.36,1487692800.0,0.98,rain,1016.79,Mostly cloudy throughout the day and breezy overnight.,1487661225,1487698630,51.09,1487678400,48.15,1487646000,1487635200,4.91,250,18.52
51.39,1487768400,41.79,1487728800,0.88,2017-02-21,49.16,0.97,partly-cloudy-day,5f1ce9b7c8cd32c08d98310540fb6604,0.86,NaN,0.0,0.0,NaN,0.0,NaN,1009.2,Mostly cloudy throughout the day.,1487747502,1487785138,51.39,1487768400,49.07,1487743200,1487721600,2.95,249,21.5
50.76,1487811600,32.89,1487890800,0.62,2017-02-22,40.03,0.78,wind,5f1ce9b7c8cd32c08d98310540fb6604,0.89,NaN,0.1825,4.38,1487840400.0,0.97,rain,1000.14,Mostly cloudy until evening and windy until afternoon.,1487833778,1487871646,50.76,1487811600,38.96,1487890800,1487808000,8.35,258,19.12
44.62,1487944800,31.82,1487905200,0.19,2017-02-23,34.89,0.75,partly-cloudy-day,5f1ce9b7c8cd32c08d98310540fb6604,0.93,NaN,0.0,NaN,NaN,0.0,NaN,1016.81,Partly cloudy in the afternoon.,1487920054,1487958154,47.75,1487944800,38.45,1487916000,1487894400,9.56,258,8.1
45.29,1488024000,38.7,1487980800,0.95,2017-02-24,43.61,0.87,cloudy,5f1ce9b7c8cd32c08d98310540fb6604,0.96,NaN,0.3563,8.55,1488045600.0,0.98,rain,1011.96,Overcast throughout the day.,1488006328,1488044661,49.82,1488024000,43.63,1487980800,1487980800,7.68,217,12.8
51.5,1488117600,39.57,1488135600,0.82,2017-02-25,45.11,0.89,partly-cloudy-day,5f1ce9b7c8cd32c08d98310540fb6604,0.99,NaN,0.1283,3.08,1488106800.0,0.97,rain,1004.46,Mostly cloudy throughout the day.,1488092601,1488131168,51.5,1488117600,45.92,1488150000,1488067200,8.07,226,13.85
41.96,1488153600,28.82,1488236400,0.55,2017-02-26,38.93,0.88,partly-cloudy-day,5f1ce9b7c8cd32c08d98310540fb6604,0.03,NaN,0.0371,0.89,1488193200.0,0.93,rain,988.65,Mostly cloudy throughout the day.,1488178873,1488217675,45.86,1488153600,36.06,1488232800,1488153600,8.33,220,10.19
37.5,1488312000,26.86,1488261600,0.49,2017-02-27,36.72,0.88,partly-cloudy-day,5f1ce9b7c8cd32c08d98310540fb6604,0.06,NaN,0.7963,10.22,1488301200.0,0.98,rain,989.15,Mostly cloudy throughout the day.,1488265145,1488304181,45.74,1488312000,33.04,1488265200,1488240000,8.39,254,14.17
42.54,1488369600,33.54,1488402000,0.6,2017-02-28,39.34,0.85,wind,5f1ce9b7c8cd32c08d98310540fb6604,0.1,NaN,1.1238,10.22,1488409200.0,0.98,rain,998.45,Mostly cloudy until evening and breezy overnight.,1488351415,1488390687,46.78,1488369600,40.12,1488351600,1488326400,8.33,247,10.56
41.33,1486990800,30.68,1486969200,0.05,2017-02-12,37.04,0.84,clear-day,5180af03094779de849ca816c9f5b753,0.59,NaN,NaN,NaN,NaN,NaN,rain,1021.95,Clear throughout the day.,1486970387,1487005956,47.72,1486990800,38.6,1486969200,1486944000,3.32,82,14.26
50.55,1487084400,30.51,1487044800,0.31,2017-02-13,38.47,0.82,partly-cloudy-day,5180af03094779de849ca816c9f5b753,0.62,NaN,NaN,NaN,NaN,NaN,rain,1023.32,Mostly cloudy until evening.,1487056674,1487092466,50.55,1487084400,37.23,1487055600,1487030400,5.53,110,7.82
51.53,1487163600,40.59,1487199600,0.49,2017-02-14,45.47,0.92,partly-cloudy-day,5180af03094779de849ca816c9f5b753,0.65,NaN,NaN,NaN,NaN,NaN,rain,1027.76,Mostly cloudy until evening.,1487142959,1487178976,51.53,1487163600,45.07,1487199600,1487116800,5.1,184,5.91
51.66,1487257200,39.42,1487224800,0.36,2017-02-15,42.48,0.85,partly-cloudy-day,5180af03094779de849ca816c9f5b753,0.68,NaN,NaN,NaN,NaN,NaN,rain,1029.43,Partly cloudy until evening.,1487229243,1487265487,51.66,1487257200,43.03,1487224800,1487203200,7.01,240,7.91
53.54,1487340000,39.3,1487372400,0.28,2017-02-16,42.87,0.84,partly-cloudy-day,5180af03094779de849ca816c9f5b753,0.71,NaN,NaN,NaN,NaN,NaN,rain,1027.75,Partly cloudy until afternoon.,1487315526,1487351996,53.54,1487340000,42.81,1487372400,1487289600,6.84,242,4.99
52.87,1487433600,37.49,1487458800,0.42,2017-02-17,41.43,0.87,cloudy,5180af03094779de849ca816c9f5b753,0.74,NaN,NaN,NaN,NaN,NaN,rain,1025.15,Overcast until afternoon.,1487401808,1487438506,52.87,1487433600,41.04,1487458800,1487376000,4.67,207,6.32
52.63,1487516400,34.91,1487473200,0.54,2017-02-18,42.6,0.87,partly-cloudy-day,5180af03094779de849ca816c9f5b753,0.77,NaN,NaN,NaN,NaN,NaN,rain,1022.36,Mostly cloudy until evening.,1487488088,1487525015,52.63,1487516400,39.15,1487469600,1487462400,5.72,247,7.58
61.47,1487599200,45.3,1487563200,0.62,2017-02-19,49.73,0.86,partly-cloudy-day,5180af03094779de849ca816c9f5b753,0.8,NaN,NaN,NaN,NaN,NaN,rain,1018.61,Mostly cloudy until evening.,1487574367,1487611525,61.47,1487599200,49.17,1487563200,1487548800,6.46,257,11.19
54.95,1487685600,50.02,1487660400,0.78,2017-02-20,48.68,0.87,wind,5180af03094779de849ca816c9f5b753,0.83,NaN,NaN,NaN,NaN,NaN,rain,1015.87,Mostly cloudy until evening and breezy overnight.,1487660645,1487698033,54.95,1487685600,50.02,1487660400,1487635200,6.88,252,12.33
55.25,1487764800,50.89,1487804400,0.92,2017-02-21,48.39,0.85,partly-cloudy-day,5180af03094779de849ca816c9f5b753,0.86,NaN,NaN,NaN,NaN,NaN,rain,1008.19,Mostly cloudy until evening.,1487746922,1487784542,55.25,1487764800,50.89,1487804400,1487721600,7.07,248,16.92
51.14,1487808000,34.18,1487890800,0.59,2017-02-22,39.91,0.73,wind,5180af03094779de849ca816c9f5b753,0.89,NaN,NaN,NaN,NaN,NaN,rain,998.1,Windy and mostly cloudy until evening.,1487833198,1487871050,51.14,1487808000,41.29,1487890800,1487808000,7.29,258,21.47
43.59,1487948400,30.39,1487919600,0.21,2017-02-23,31.98,0.69,partly-cloudy-day,5180af03094779de849ca816c9f5b753,0.93,NaN,NaN,NaN,NaN,NaN,rain,1015.86,Partly cloudy until afternoon.,1487919472,1487957558,47.35,1487948400,37.27,1487919600,1487894400,7.92,282,7.89
44.02,1488031200,36.68,1487980800,0.68,2017-02-24,42.01,0.84,cloudy,5180af03094779de849ca816c9f5b753,0.96,NaN,NaN,NaN,NaN,NaN,rain,1013.57,Overcast until evening.,1488005746,1488044066,49.74,1488031200,41.57,1487980800,1487980800,7.24,219,13.82
52.37,1488110400,42.23,1488150000,0.81,2017-02-25,45.91,0.86,partly-cloudy-day,5180af03094779de849ca816c9f5b753,0.99,NaN,NaN,NaN,NaN,NaN,rain,1005.84,Mostly cloudy until evening.,1488092019,1488130573,52.37,1488110400,47.99,1488150000,1488067200,6.59,223,15.36
42.51,1488157200,30.94,1488236400,0.48,2017-02-26,40.82,0.88,partly-cloudy-day,5180af03094779de849ca816c9f5b753,0.03,NaN,NaN,NaN,NaN,NaN,rain,990.24,Mostly cloudy throughout the day.,1488178291,1488217080,47.68,1488157200,37.76,1488236400,1488153600,7.18,215,11.65
38.13,1488322800,28.03,1488265200,0.48,2017-02-27,34.93,0.82,partly-cloudy-day,5180af03094779de849ca816c9f5b753,0.06,NaN,NaN,NaN,NaN,NaN,rain,988.52,Mostly cloudy until evening.,1488264562,1488303586,45.5,1488322800,34.58,1488265200,1488240000,7.55,247,11.51
42.93,1488376800,34.87,1488409200,0.62,2017-02-28,38.79,0.81,wind,5180af03094779de849ca816c9f5b753,0.1,NaN,NaN,NaN,NaN,NaN,rain,998.21,Mostly cloudy throughout the day and breezy overnight.,1488350833,1488390093,47.47,1488376800,41.17,1488348000,1488326400,7.38,244,10.07
50.23,1485954000,43.4,1485907200,0.92,2017-01-31,48.21,0.95,fog,7f2aa8e72612f9130e06b32a0d2a58d7,0.15,NaN,NaN,NaN,NaN,NaN,rain,1006.99,Foggy in the morning.,1485934747,1485967827,50.23,1485954000,46.85,1485907200,1485907200,3.99,178,8.83
51.27,1486051200,43.05,1486018800,0.67,2017-02-01,46.82,0.88,partly-cloudy-day,7f2aa8e72612f9130e06b32a0d2a58d7,0.19,NaN,NaN,NaN,NaN,NaN,rain,997.81,Mostly cloudy throughout the day.,1486021055,1486054336,51.27,1486051200,48.25,1486018800,1485993600,6.51,176,14.71
44.87,1486123200,33.59,1486159200,0.69,2017-02-02,42.1,0.84,partly-cloudy-day,7f2aa8e72612f9130e06b32a0d2a58d7,0.23,NaN,NaN,NaN,NaN,NaN,rain,995.32,Mostly cloudy until evening.,1486107360,1486140845,49.76,1486123200,40.85,1486162800,1486080000,6.89,181,11.55
45.28,1486220400,34.53,1486170000,0.18,2017-02-03,37.88,0.89,partly-cloudy-day,7f2aa8e72612f9130e06b32a0d2a58d7,0.27,NaN,NaN,NaN,NaN,NaN,rain,997.42,Mostly cloudy in the morning.,1486193664,1486227355,47.22,1486220400,38.16,1486188000,1486166400,7.19,185,2.55
37.41,1486306800,34.28,1486288800,0.4,2017-02-04,38.1,0.93,partly-cloudy-day,7f2aa8e72612f9130e06b32a0d2a58d7,0.3,NaN,NaN,NaN,NaN,NaN,rain,1003.29,Mostly cloudy until evening.,1486279966,1486313864,42.64,1486306800,38.24,1486281600,1486252800,5.73,22,4.34
41.22,1486389600,32.29,1486350000,0.12,2017-02-05,36.44,0.88,clear-day,7f2aa8e72612f9130e06b32a0d2a58d7,0.34,NaN,NaN,NaN,NaN,NaN,rain,1017.33,Clear throughout the day.,1486366266,1486400374,45.38,1486389600,33.12,1486364400,1486339200,4.89,171,3.07
46.8,1486479600,34.79,1486429200,0.34,2017-02-06,39.83,0.87,partly-cloudy-day,7f2aa8e72612f9130e06b32a0d2a58d7,0.38,NaN,NaN,NaN,NaN,NaN,rain,1014.25,Mostly cloudy in the morning.,1486452565,1486486884,49.34,1486479600,38.77,1486504800,1486425600,5.37,254,0.87
37.54,1486515600,30.63,1486594800,0.88,2017-02-07,35.4,0.89,partly-cloudy-day,7f2aa8e72612f9130e06b32a0d2a58d7,0.41,NaN,NaN,NaN,NaN,NaN,rain,1025.86,Mostly cloudy throughout the day.,1486538862,1486573394,39.78,1486515600,36.22,1486594800,1486512000,4.62,15,5.37
30.32,1486598400,27.34,1486666800,1.0,2017-02-08,32.08,0.88,fog,7f2aa8e72612f9130e06b32a0d2a58d7,0.45,NaN,NaN,NaN,NaN,NaN,rain,1027.47,Foggy starting in the evening.,1486625157,1486659904,35.85,1486598400,34.73,1486630800,1486598400,3.77,43,7.94
28.87,1486695600,26.6,1486756800,0.88,2017-02-09,32.54,0.92,fog,7f2aa8e72612f9130e06b32a0d2a58d7,0.49,NaN,NaN,NaN,NaN,NaN,rain,1023.55,Foggy until afternoon.,1486711450,1486746415,35.23,1486695600,33.5,1486756800,1486684800,2.38,20,7.98
29.34,1486854000,25.61,1486800000,1.0,2017-02-10,32.3,0.92,fog,7f2aa8e72612f9130e06b32a0d2a58d7,0.52,NaN,NaN,NaN,NaN,NaN,snow,1022.08,Foggy throughout the day.,1486797742,1486832925,36.05,1486854000,32.75,1486800000,1486771200,2.5,10,7.98
33.95,1486936800,27.29,1486890000,0.98,2017-02-11,35.12,0.92,fog,7f2aa8e72612f9130e06b32a0d2a58d7,0.55,NaN,NaN,NaN,NaN,NaN,rain,1022.19,Foggy until afternoon.,1486884033,1486919435,41.51,1486936800,34.19,1486890000,1486857600,2.26,59,9.77
40.48,1486990800,30.71,1486969200,0.02,2017-02-12,37.13,0.85,clear-day,7f2aa8e72612f9130e06b32a0d2a58d7,0.59,NaN,NaN,NaN,NaN,NaN,rain,1021.85,Clear throughout the day.,1486970322,1487005944,46.99,1486990800,38.49,1486969200,1486944000,3.27,78,13.73
50.33,1487084400,30.73,1487044800,0.28,2017-02-13,38.65,0.82,partly-cloudy-night,7f2aa8e72612f9130e06b32a0d2a58d7,0.62,NaN,NaN,NaN,NaN,NaN,rain,1023.39,"Mostly cloudy starting in the afternoon, continuing until evening.",1487056609,1487092454,50.33,1487084400,37.32,1487052000,1487030400,5.55,111,7.63
51.25,1487160000,40.72,1487199600,0.46,2017-02-14,45.43,0.92,partly-cloudy-day,7f2aa8e72612f9130e06b32a0d2a58d7,0.65,NaN,NaN,NaN,NaN,NaN,rain,1027.97,Mostly cloudy until evening.,1487142895,1487178964,51.25,1487160000,45.04,1487199600,1487116800,5.1,186,6.09
51.51,1487257200,39.59,1487224800,0.33,2017-02-15,42.47,0.85,partly-cloudy-day,7f2aa8e72612f9130e06b32a0d2a58d7,0.68,NaN,NaN,NaN,NaN,NaN,rain,1029.59,Mostly cloudy until afternoon.,1487229180,1487265473,51.51,1487257200,43.41,1487224800,1487203200,6.87,237,7.71
53.54,1487340000,39.39,1487372400,0.26,2017-02-16,42.93,0.85,partly-cloudy-day,7f2aa8e72612f9130e06b32a0d2a58d7,0.71,NaN,NaN,NaN,NaN,NaN,rain,1027.83,Partly cloudy until afternoon.,1487315464,1487351982,53.54,1487340000,42.96,1487372400,1487289600,6.45,240,5.2
53.0,1487430000,37.39,1487458800,0.41,2017-02-17,41.51,0.87,cloudy,7f2aa8e72612f9130e06b32a0d2a58d7,0.74,NaN,NaN,NaN,NaN,NaN,rain,1025.27,Overcast until afternoon.,1487401746,1487438491,53.0,1487430000,41.19,1487458800,1487376000,4.62,204,6.32
52.64,1487516400,34.57,1487476800,0.53,2017-02-18,42.39,0.86,partly-cloudy-day,7f2aa8e72612f9130e06b32a0d2a58d7,0.77,NaN,NaN,NaN,NaN,NaN,rain,1022.49,Mostly cloudy until evening.,1487488027,1487524999,52.64,1487516400,39.18,1487469600,1487462400,5.71,247,7.69
61.34,1487599200,45.13,1487563200,0.58,2017-02-19,49.74,0.86,partly-cloudy-day,7f2aa8e72612f9130e06b32a0d2a58d7,0.8,NaN,NaN,NaN,NaN,NaN,rain,1018.72,Mostly cloudy until evening.,1487574307,1487611508,61.34,1487599200,49.15,1487563200,1487548800,6.34,255,10.92
54.89,1487685600,50.15,1487660400,0.78,2017-02-20,48.79,0.87,wind,7f2aa8e72612f9130e06b32a0d2a58d7,0.83,NaN,NaN,NaN,NaN,NaN,rain,1016.07,Mostly cloudy until evening and breezy overnight.,1487660586,1487698016,54.89,1487685600,50.15,1487660400,1487635200,6.81,251,12.12
54.86,1487764800,50.67,1487804400,0.92,2017-02-21,48.5,0.86,wind,7f2aa8e72612f9130e06b32a0d2a58d7,0.86,NaN,NaN,NaN,NaN,NaN,rain,1008.58,Breezy in the morning and mostly cloudy until evening.,1487746864,1487784523,54.86,1487764800,50.67,1487804400,1487721600,6.55,246,16.69
51.07,1487808000,34.42,1487890800,0.57,2017-02-22,39.96,0.73,wind,7f2aa8e72612f9130e06b32a0d2a58d7,0.89,NaN,NaN,NaN,NaN,NaN,rain,998.5,Windy and mostly cloudy until evening.,1487833140,1487871031,51.07,1487808000,41.56,1487890800,1487808000,7.04,257,21.65
42.96,1487944800,30.64,1487919600,0.17,2017-02-23,31.96,0.68,partly-cloudy-day,7f2aa8e72612f9130e06b32a0d2a58d7,0.93,NaN,NaN,NaN,NaN,NaN,rain,1015.9,Partly cloudy until afternoon.,1487919416,1487957538,47.29,1487944800,37.41,1487919600,1487894400,7.88,281,7.97
43.65,1488031200,36.74,1487980800,0.68,2017-02-24,42.11,0.84,cloudy,7f2aa8e72612f9130e06b32a0d2a58d7,0.96,NaN,NaN,NaN,NaN,NaN,rain,1014.0,Overcast until evening.,1488005690,1488044045,49.4,1488031200,41.56,1487980800,1487980800,7.21,218,13.96
52.0,1488110400,42.29,1488150000,0.81,2017-02-25,46.07,0.87,partly-cloudy-day,7f2aa8e72612f9130e06b32a0d2a58d7,0.99,NaN,NaN,NaN,NaN,NaN,rain,1006.3,Mostly cloudy until evening.,1488091964,1488130551,52.0,1488110400,48.25,1488150000,1488067200,6.03,221,15.66
42.71,1488157200,31.08,1488236400,0.44,2017-02-26,41.03,0.88,partly-cloudy-day,7f2aa8e72612f9130e06b32a0d2a58d7,0.03,NaN,NaN,NaN,NaN,NaN,rain,990.62,Mostly cloudy until evening.,1488178237,1488217057,48.05,1488157200,37.98,1488236400,1488153600,6.77,215,12.35
38.39,1488322800,27.54,1488265200,0.46,2017-02-27,34.85,0.82,partly-cloudy-day,7f2aa8e72612f9130e06b32a0d2a58d7,0.06,NaN,NaN,NaN,NaN,NaN,rain,988.79,Mostly cloudy until evening.,1488264509,1488303563,45.72,1488322800,34.34,1488265200,1488240000,7.4,245,11.63
42.75,1488376800,35.03,1488409200,0.61,2017-02-28,38.97,0.81,wind,7f2aa8e72612f9130e06b32a0d2a58d7,0.1,NaN,NaN,NaN,NaN,NaN,rain,998.44,Mostly cloudy throughout the day and breezy overnight.,1488350780,1488390068,47.3,1488376800,41.58,1488351600,1488326400,7.19,242,10.39
45.29,1486479600,27.49,1486425600,0.54,2017-02-06,37.6,0.92,partly-cloudy-day,8b049b660e984912c48da213f2f7c650,0.38,NaN,NaN,NaN,NaN,NaN,rain,1013.34,Mostly cloudy until evening.,1486453462,1486486872,45.29,1486479600,36.01,1486501200,1486425600,4.98,160,5.35
33.1,1486558800,28.17,1486594800,0.82,2017-02-07,34.36,0.92,partly-cloudy-day,8b049b660e984912c48da213f2f7c650,0.41,NaN,NaN,NaN,NaN,NaN,rain,1028.01,Mostly cloudy until evening.,1486539747,1486573394,38.56,1486558800,33.32,1486594800,1486512000,5.44,92,5.22
27.89,1486645200,25.98,1486670400,0.97,2017-02-08,29.75,0.86,cloudy,8b049b660e984912c48da213f2f7c650,0.45,NaN,NaN,NaN,NaN,NaN,snow,1030.16,Overcast until evening.,1486626031,1486659916,35.05,1486645200,32.59,1486681200,1486598400,7.5,90,6.82
27.75,1486731600,25.23,1486767600,0.75,2017-02-09,29.56,0.85,partly-cloudy-day,8b049b660e984912c48da213f2f7c650,0.49,NaN,NaN,NaN,NaN,NaN,snow,1027.94,Mostly cloudy until evening.,1486712313,1486746437,35.36,1486731600,32.36,1486702800,1486684800,7.81,38,7.35
29.11,1486818000,23.56,1486782000,NaN,2017-02-10,33.89,0.94,clear-day,8b049b660e984912c48da213f2f7c650,0.52,NaN,NaN,NaN,NaN,NaN,rain,1027.32,Clear throughout the day.,1486798593,1486832959,36.95,1486818000,32.96,1486774800,1486771200,5.4,25,11.42
27.89,1486940400,23.13,1486882800,NaN,2017-02-11,32.84,0.91,fog,8b049b660e984912c48da213f2f7c650,0.55,NaN,NaN,NaN,NaN,NaN,rain,1028.71,Foggy overnight.,1486884872,1486919481,37.01,1486940400,33.76,1486890000,1486857600,4.41,66,16.47
37.2,1486994400,27.24,1486951200,0.21,2017-02-12,36.22,0.9,fog,8b049b660e984912c48da213f2f7c650,0.59,NaN,NaN,NaN,NaN,NaN,rain,1027.47,Foggy in the morning.,1486971149,1487006002,44.29,1486994400,36.84,1486958400,1486944000,2.58,84,15.03
38.03,1487080800,26.77,1487037600,0.1,2017-02-13,36.15,0.89,partly-cloudy-night,8b049b660e984912c48da213f2f7c650,0.62,NaN,NaN,NaN,NaN,NaN,rain,1024.61,Partly cloudy in the evening.,1487057425,1487092523,43.36,1487080800,35.03,1487059200,1487030400,3.07,108,9.79
44.78,1487170800,38.71,1487138400,0.56,2017-02-14,43.03,0.93,partly-cloudy-day,8b049b660e984912c48da213f2f7c650,0.65,NaN,NaN,NaN,NaN,NaN,rain,1025.08,Mostly cloudy until evening.,1487143700,1487179044,48.44,1487170800,42.29,1487127600,1487116800,3.96,170,5.92
41.64,1487250000,35.94,1487221200,0.26,2017-02-15,41.04,0.86,partly-cloudy-day,8b049b660e984912c48da213f2f7c650,0.68,NaN,NaN,NaN,NaN,NaN,rain,1024.54,Partly cloudy until afternoon.,1487229973,1487265565,48.22,1487250000,42.32,1487221200,1487203200,7.66,246,12.44
46.79,1487343600,40.95,1487289600,0.26,2017-02-16,43.7,0.92,partly-cloudy-day,8b049b660e984912c48da213f2f7c650,0.71,NaN,NaN,NaN,NaN,NaN,rain,1025.59,Mostly cloudy until afternoon.,1487316245,1487352086,49.17,1487343600,42.39,1487318400,1487289600,5.89,216,3.84
50.46,1487430000,39.03,1487404800,0.0,2017-02-17,43.73,0.89,clear-day,8b049b660e984912c48da213f2f7c650,0.74,NaN,NaN,NaN,NaN,NaN,rain,1021.0,Clear throughout the day.,1487402515,1487438607,50.46,1487430000,43.83,1487404800,1487376000,5.28,211,9.55
44.49,1487545200,39.57,1487484000,NaN,2017-02-18,43.93,0.89,clear-day,8b049b660e984912c48da213f2f7c650,0.77,NaN,NaN,NaN,NaN,NaN,rain,1018.52,Clear throughout the day.,1487488785,1487525127,49.42,1487545200,44.29,1487491200,1487462400,7.57,261,10.81
52.7,1487588400,41.41,1487628000,0.61,2017-02-19,47.16,0.9,partly-cloudy-day,8b049b660e984912c48da213f2f7c650,0.8,NaN,NaN,NaN,NaN,NaN,rain,1014.29,Mostly cloudy until evening.,1487575053,1487611647,52.7,1487588400,46.14,1487620800,1487548800,7.05,267,14.15
52.22,1487707200,36.4,1487660400,0.63,2017-02-20,43.78,0.87,wind,8b049b660e984912c48da213f2f7c650,0.83,NaN,NaN,NaN,NaN,NaN,rain,1010.21,Mostly cloudy until evening and windy starting in the evening.,1487661320,1487698166,52.22,1487707200,41.24,1487664000,1487635200,7.34,245,13.08
50.91,1487721600,36.19,1487743200,0.51,2017-02-21,40.38,0.82,partly-cloudy-day,8b049b660e984912c48da213f2f7c650,0.86,NaN,NaN,NaN,NaN,NaN,rain,1002.55,Mostly cloudy until evening.,1487747586,1487784686,50.91,1487721600,42.0,1487804400,1487721600,7.86,268,16.38
39.14,1487833200,27.64,1487862000,0.71,2017-02-22,38.47,0.9,wind,8b049b660e984912c48da213f2f7c650,0.89,NaN,NaN,NaN,NaN,NaN,rain,991.15,Mostly cloudy until evening and windy in the afternoon.,1487833851,1487871205,46.29,1487833200,36.81,1487887200,1487808000,6.41,269,10.66
39.06,1487948400,28.16,1487912400,0.27,2017-02-23,33.44,0.78,partly-cloudy-day,8b049b660e984912c48da213f2f7c650,0.93,NaN,NaN,NaN,NaN,NaN,rain,1012.91,Partly cloudy until evening.,1487920116,1487957723,44.04,1487948400,35.71,1487919600,1487894400,8.59,271,8.31
41.97,1488034800,33.68,1487984400,NaN,2017-02-24,43.03,0.89,clear-day,8b049b660e984912c48da213f2f7c650,0.96,NaN,NaN,NaN,NaN,NaN,rain,1004.95,Clear throughout the day.,1488006379,1488044242,48.98,1488034800,41.08,1487984400,1487980800,6.75,215,16.62
41.95,1488121200,34.76,1488150000,NaN,2017-02-25,41.94,0.86,clear-day,8b049b660e984912c48da213f2f7c650,0.99,NaN,NaN,NaN,NaN,NaN,rain,997.89,Clear throughout the day.,1488092641,1488130760,49.36,1488121200,41.86,1488150000,1488067200,7.88,217,14.73
38.25,1488200400,28.65,1488232800,0.64,2017-02-26,36.18,0.9,partly-cloudy-day,8b049b660e984912c48da213f2f7c650,0.03,NaN,NaN,NaN,NaN,NaN,rain,985.49,Mostly cloudy until evening.,1488178902,1488217277,42.11,1488200400,34.19,1488236400,1488153600,7.93,223,6.4
34.55,1488286800,24.99,1488261600,0.36,2017-02-27,33.91,0.9,partly-cloudy-day,8b049b660e984912c48da213f2f7c650,0.06,NaN,NaN,NaN,NaN,NaN,rain,984.5,Mostly cloudy until evening.,1488265163,1488303794,41.07,1488286800,31.8,1488265200,1488240000,7.56,249,6.23
37.44,1488384000,27.35,1488340800,0.42,2017-02-28,34.14,0.86,partly-cloudy-day,8b049b660e984912c48da213f2f7c650,0.1,NaN,NaN,NaN,NaN,NaN,rain,994.68,Mostly cloudy until evening.,1488351422,1488390311,43.72,1488384000,32.73,1488348000,1488326400,8.23,248,7.58
40.33,1486515600,31.97,1486594800,0.88,2017-02-07,35.44,0.84,partly-cloudy-day,fe5d591b3509247487a917d4e8a33f65,0.41,NaN,NaN,NaN,NaN,NaN,rain,1026.0,Mostly cloudy throughout the day.,1486538907,1486573406,42.24,1486515600,37.2,1486594800,1486512000,4.86,19,5.19
31.18,1486598400,27.95,1486666800,1.0,2017-02-08,31.73,0.84,fog,fe5d591b3509247487a917d4e8a33f65,0.45,NaN,NaN,NaN,NaN,NaN,rain,1027.65,Foggy starting in the evening.,1486625202,1486659916,36.45,1486598400,35.38,1486659600,1486598400,4.33,46,7.94
29.48,1486742400,27.58,1486728000,0.89,2017-02-09,32.59,0.9,fog,fe5d591b3509247487a917d4e8a33f65,0.49,NaN,NaN,NaN,NaN,NaN,rain,1023.78,Foggy until afternoon.,1486711495,1486746427,36.23,1486742400,34.57,1486767600,1486684800,2.43,22,7.81
30.63,1486854000,26.48,1486800000,1.0,2017-02-10,32.42,0.89,fog,fe5d591b3509247487a917d4e8a33f65,0.52,NaN,NaN,NaN,NaN,NaN,rain,1022.33,Foggy until afternoon.,1486797786,1486832937,37.13,1486854000,33.45,1486796400,1486771200,2.68,12,7.91
34.88,1486936800,28.46,1486890000,0.98,2017-02-11,34.97,0.89,fog,fe5d591b3509247487a917d4e8a33f65,0.55,NaN,NaN,NaN,NaN,NaN,rain,1022.37,Foggy until afternoon.,1486884076,1486919448,42.36,1486936800,35.28,1486890000,1486857600,2.43,61,10.09
42.07,1486990800,31.64,1486969200,0.04,2017-02-12,37.31,0.83,clear-day,fe5d591b3509247487a917d4e8a33f65,0.59,NaN,NaN,NaN,NaN,NaN,rain,1021.91,Clear throughout the day.,1486970365,1487005958,48.34,1486990800,39.38,1486969200,1486944000,3.28,81,14.33
51.88,1487084400,32.13,1487044800,0.3,2017-02-13,38.37,0.79,partly-cloudy-night,fe5d591b3509247487a917d4e8a33f65,0.62,NaN,NaN,NaN,NaN,NaN,rain,1023.32,"Mostly cloudy starting in the afternoon, continuing until evening.",1487056652,1487092468,51.88,1487084400,38.2,1487055600,1487030400,5.53,109,7.85
52.29,1487163600,40.55,1487199600,0.47,2017-02-14,45.61,0.9,partly-cloudy-day,fe5d591b3509247487a917d4e8a33f65,0.65,NaN,NaN,NaN,NaN,NaN,rain,1027.79,Mostly cloudy until evening.,1487142938,1487178978,52.29,1487163600,45.03,1487199600,1487116800,5.09,184,5.82
52.24,1487253600,39.77,1487214000,0.34,2017-02-15,42.55,0.84,partly-cloudy-day,fe5d591b3509247487a917d4e8a33f65,0.68,NaN,NaN,NaN,NaN,NaN,rain,1029.46,Partly cloudy until evening.,1487229222,1487265488,52.24,1487253600,43.65,1487224800,1487203200,6.95,239,7.92
54.84,1487340000,40.09,1487372400,0.27,2017-02-16,42.89,0.82,partly-cloudy-day,fe5d591b3509247487a917d4e8a33f65,0.71,NaN,NaN,NaN,NaN,NaN,rain,1027.76,Partly cloudy until afternoon.,1487315505,1487351997,54.84,1487340000,43.51,1487372400,1487289600,6.71,241,5.09
54.07,1487433600,38.88,1487390400,0.42,2017-02-17,41.56,0.84,cloudy,fe5d591b3509247487a917d4e8a33f65,0.74,NaN,NaN,NaN,NaN,NaN,rain,1025.17,Overcast until afternoon.,1487401787,1487438506,54.07,1487433600,42.75,1487458800,1487376000,4.7,207,6.34
53.39,1487516400,35.67,1487476800,0.53,2017-02-18,42.81,0.86,partly-cloudy-day,fe5d591b3509247487a917d4e8a33f65,0.77,NaN,NaN,NaN,NaN,NaN,rain,1022.39,Mostly cloudy until evening.,1487488068,1487525015,53.39,1487516400,40.44,1487476800,1487462400,5.7,247,7.71
62.87,1487599200,45.77,1487563200,0.6,2017-02-19,49.84,0.85,partly-cloudy-day,fe5d591b3509247487a917d4e8a33f65,0.8,NaN,NaN,NaN,NaN,NaN,rain,1018.63,Mostly cloudy until evening.,1487574347,1487611524,62.87,1487599200,49.65,1487563200,1487548800,6.42,256,11.2
55.57,1487685600,50.6,1487660400,0.78,2017-02-20,48.76,0.86,wind,fe5d591b3509247487a917d4e8a33f65,0.83,NaN,NaN,NaN,NaN,NaN,rain,1015.9,Mostly cloudy until evening and breezy overnight.,1487660625,1487698033,55.57,1487685600,50.6,1487660400,1487635200,6.82,252,12.39
56.17,1487764800,51.5,1487804400,0.92,2017-02-21,48.65,0.83,wind,fe5d591b3509247487a917d4e8a33f65,0.86,NaN,NaN,NaN,NaN,NaN,rain,1008.26,Breezy in the morning and mostly cloudy until evening.,1487746903,1487784541,56.17,1487764800,51.5,1487804400,1487721600,6.91,247,17.03
52.0,1487836800,35.36,1487890800,0.58,2017-02-22,39.98,0.71,wind,fe5d591b3509247487a917d4e8a33f65,0.89,NaN,NaN,NaN,NaN,NaN,rain,998.18,Windy and mostly cloudy until evening.,1487833179,1487871049,52.0,1487836800,42.3,1487890800,1487808000,7.19,258,21.72
44.75,1487944800,30.93,1487919600,0.19,2017-02-23,32.0,0.66,partly-cloudy-day,fe5d591b3509247487a917d4e8a33f65,0.93,NaN,NaN,NaN,NaN,NaN,rain,1015.87,Partly cloudy until afternoon.,1487919454,1487957556,48.76,1487944800,37.74,1487919600,1487894400,7.81,282,8.01
50.42,1488031200,38.28,1487984400,0.68,2017-02-24,42.11,0.82,cloudy,fe5d591b3509247487a917d4e8a33f65,0.96,NaN,NaN,NaN,NaN,NaN,rain,1013.64,Overcast until evening.,1488005728,1488044063,50.42,1488031200,42.98,1487980800,1487980800,7.15,219,13.82
52.7,1488110400,42.94,1488067200,0.81,2017-02-25,46.12,0.85,partly-cloudy-day,fe5d591b3509247487a917d4e8a33f65,0.99,NaN,NaN,NaN,NaN,NaN,rain,1005.92,Mostly cloudy until evening.,1488092002,1488130570,52.7,1488110400,48.75,1488067200,1488067200,6.4,222,15.42
43.49,1488157200,31.74,1488236400,0.46,2017-02-26,41.21,0.87,partly-cloudy-day,fe5d591b3509247487a917d4e8a33f65,0.03,NaN,NaN,NaN,NaN,NaN,rain,990.31,Mostly cloudy until evening.,1488178274,1488217077,48.5,1488157200,38.52,1488236400,1488153600,7.04,215,11.79
39.29,1488322800,28.89,1488265200,0.47,2017-02-27,35.07,0.81,partly-cloudy-day,fe5d591b3509247487a917d4e8a33f65,0.06,NaN,NaN,NaN,NaN,NaN,rain,988.56,Mostly cloudy until evening.,1488264545,1488303583,46.41,1488322800,35.34,1488265200,1488240000,7.47,246,11.65
43.55,1488380400,35.81,1488409200,0.61,2017-02-28,39.07,0.8,wind,fe5d591b3509247487a917d4e8a33f65,0.1,NaN,NaN,NaN,NaN,NaN,rain,998.25,Mostly cloudy throughout the day and breezy overnight.,1488350816,1488390089,48.02,1488380400,42.28,1488348000,1488326400,7.3,243,10.28
53.66,1487685600,44.16,1487660400,0.85,2017-02-20,47.98,0.89,cloudy,f8a762f49d2abffe630be60295f71ed0,0.83,NaN,NaN,NaN,NaN,NaN,rain,1015.73,Overcast throughout the day.,1487660561,1487698116,53.66,1487685600,49.06,1487660400,1487635200,6.76,253,13.92
51.77,1487764800,43.29,1487804400,0.98,2017-02-21,47.44,0.89,wind,f8a762f49d2abffe630be60295f71ed0,0.86,NaN,NaN,NaN,NaN,NaN,rain,1008.36,Breezy in the morning and overcast throughout the day.,1487746841,1487784621,51.77,1487764800,49.3,1487804400,1487721600,5.7,251,19.69
50.07,1487847600,34.21,1487890800,0.63,2017-02-22,39.88,0.75,wind,f8a762f49d2abffe630be60295f71ed0,0.89,NaN,NaN,NaN,NaN,NaN,rain,999.66,Windy and mostly cloudy until evening.,1487833120,1487871126,50.07,1487847600,41.95,1487890800,1487808000,6.77,258,20.13
44.35,1487944800,30.15,1487916000,0.14,2017-02-23,31.94,0.69,partly-cloudy-day,f8a762f49d2abffe630be60295f71ed0,0.93,NaN,NaN,NaN,NaN,NaN,rain,1015.71,Partly cloudy until afternoon.,1487919398,1487957630,48.14,1487944800,36.83,1487973600,1487894400,8.48,294,8.14
43.25,1488031200,35.19,1487980800,0.61,2017-02-24,42.82,0.86,cloudy,f8a762f49d2abffe630be60295f71ed0,0.96,NaN,NaN,NaN,NaN,NaN,rain,1013.62,Overcast until evening.,1488005675,1488044135,49.7,1488031200,39.92,1487980800,1487980800,7.21,217,16.35
50.32,1488106800,40.89,1488150000,0.86,2017-02-25,46.1,0.9,wind,f8a762f49d2abffe630be60295f71ed0,0.99,NaN,NaN,NaN,NaN,NaN,rain,1006.23,Mostly cloudy throughout the day and breezy starting in the evening.,1488091951,1488130639,50.32,1488106800,47.83,1488078000,1488067200,5.49,220,17.75
40.9,1488153600,32.16,1488225600,0.61,2017-02-26,41.2,0.88,partly-cloudy-day,f8a762f49d2abffe630be60295f71ed0,0.03,NaN,NaN,NaN,NaN,NaN,rain,990.8,Mostly cloudy until evening.,1488178226,1488217142,47.93,1488153600,38.92,1488236400,1488153600,6.49,220,15.26
38.34,1488286800,29.95,1488265200,0.51,2017-02-27,35.64,0.81,partly-cloudy-night,f8a762f49d2abffe630be60295f71ed0,0.06,NaN,NaN,NaN,NaN,NaN,rain,988.22,Mostly cloudy throughout the day.,1488264501,1488303646,45.19,1488286800,34.23,1488265200,1488240000,7.36,261,11.89
40.94,1488369600,36.02,1488348000,0.66,2017-02-28,39.25,0.82,wind,f8a762f49d2abffe630be60295f71ed0,0.1,NaN,NaN,NaN,NaN,NaN,rain,998.21,Mostly cloudy throughout the day and breezy overnight.,1488350775,1488390149,46.26,1488369600,42.14,1488348000,1488326400,7.16,251,10.36
52.68,1487343600,39.23,1487372400,0.62,2017-02-16,42.85,0.89,partly-cloudy-day,58f7d1d3ce8cc4e808bf840b56714b38,0.71,NaN,0.0,0.0,NaN,0.0,NaN,1027.33,Mostly cloudy throughout the day.,1487315978,1487352294,52.68,1487343600,42.08,1487368800,1487289600,6.95,214,4.37
44.8,1487433600,36.17,1487404800,0.71,2017-02-17,42.23,0.94,partly-cloudy-day,58f7d1d3ce8cc4e808bf840b56714b38,0.74,NaN,0.0,0.0,NaN,0.0,NaN,1024.25,Mostly cloudy throughout the day.,1487402257,1487438806,48.33,1487433600,41.17,1487404800,1487376000,3.92,201,6.62
52.12,1487512800,39.54,1487466000,0.79,2017-02-18,44.84,0.9,partly-cloudy-day,58f7d1d3ce8cc4e808bf840b56714b38,0.77,NaN,0.0,0.0,NaN,0.0,NaN,1021.71,Mostly cloudy throughout the day.,1487488534,1487525318,52.12,1487512800,43.42,1487487600,1487462400,6.75,234,7.04
57.47,1487599200,45.06,1487556000,0.88,2017-02-19,49.6,0.9,partly-cloudy-day,58f7d1d3ce8cc4e808bf840b56714b38,0.8,NaN,0.0,0.0,NaN,0.0,NaN,1018.63,Mostly cloudy throughout the day.,1487574811,1487611830,57.47,1487599200,48.58,1487556000,1487548800,7.24,252,9.59
53.71,1487692800,45.43,1487656800,0.93,2017-02-20,48.62,0.91,cloudy,58f7d1d3ce8cc4e808bf840b56714b38,0.83,NaN,0.2233,5.36,1487692800.0,0.98,rain,1015.05,Overcast throughout the day.,1487661086,1487698342,53.71,1487692800,48.74,1487656800,1487635200,7.56,240,11.14
53.48,1487761200,50.06,1487797200,0.9,2017-02-21,48.39,0.88,partly-cloudy-day,58f7d1d3ce8cc4e808bf840b56714b38,0.86,NaN,0.0,0.0,NaN,0.0,NaN,1006.98,Mostly cloudy throughout the day.,1487747360,1487784853,53.48,1487761200,50.06,1487797200,1487721600,8.16,252,14.2
50.22,1487822400,32.19,1487890800,0.7,2017-02-22,40.02,0.79,wind,58f7d1d3ce8cc4e808bf840b56714b38,0.89,NaN,0.1825,4.38,1487840400.0,0.97,rain,997.14,Windy and mostly cloudy until evening.,1487833633,1487871364,50.22,1487822400,39.05,1487890800,1487808000,8.49,264,18.24
42.97,1487944800,29.5,1487919600,0.43,2017-02-23,33.39,0.74,partly-cloudy-day,58f7d1d3ce8cc4e808bf840b56714b38,0.93,NaN,0.0,NaN,NaN,0.0,NaN,1015.82,Mostly cloudy throughout the day.,1487919906,1487957874,46.98,1487944800,35.84,1487919600,1487894400,8.95,276,6.98
43.25,1488031200,36.49,1487980800,0.98,2017-02-24,43.24,0.88,cloudy,58f7d1d3ce8cc4e808bf840b56714b38,0.96,NaN,0.3563,8.55,1488045600.0,0.98,rain,1010.93,Overcast throughout the day.,1488006177,1488044384,49.25,1488031200,42.11,1487980800,1487980800,8.02,214,14.41
50.96,1488124800,40.71,1488150000,0.83,2017-02-25,44.49,0.87,partly-cloudy-day,58f7d1d3ce8cc4e808bf840b56714b38,0.99,NaN,0.1283,3.08,1488106800.0,0.97,rain,1003.37,Mostly cloudy throughout the day.,1488092447,1488130894,50.96,1488124800,45.47,1488150000,1488067200,8.36,219,13.64
39.48,1488189600,30.04,1488232800,0.62,2017-02-26,38.91,0.88,partly-cloudy-day,58f7d1d3ce8cc4e808bf840b56714b38,0.03,NaN,0.0371,0.89,1488193200.0,0.93,rain,988.05,Mostly cloudy throughout the day.,1488178716,1488217404,45.41,1488189600,35.94,1488236400,1488153600,8.42,211,9.49
36.52,1488312000,27.81,1488261600,0.63,2017-02-27,35.73,0.88,partly-cloudy-day,58f7d1d3ce8cc4e808bf840b56714b38,0.06,NaN,0.7963,10.22,1488301200.0,0.98,rain,987.84,Mostly cloudy throughout the day.,1488264985,1488303913,43.78,1488312000,32.71,1488265200,1488240000,8.1,249,10.05
42.6,1488376800,31.88,1488405600,0.71,2017-02-28,37.92,0.84,wind,58f7d1d3ce8cc4e808bf840b56714b38,0.1,NaN,1.1238,10.22,1488409200.0,0.98,rain,997.68,Mostly cloudy until evening and breezy overnight.,1488351253,1488390422,47.0,1488376800,38.53,1488340800,1488326400,8.37,242,8.37
42.61,1486080000,34.04,1486108800,0.3,2017-02-02,39.93,0.82,partly-cloudy-day,84d414ec45c5b436c8470ce314c3b83f,0.23,NaN,NaN,NaN,NaN,NaN,rain,991.48,Mostly cloudy until afternoon.,1486108208,1486140746,49.0,1486080000,41.02,1486108800,1486080000,7.54,154,13.33
39.3,1486216800,27.14,1486245600,0.0,2017-02-03,34.23,0.87,clear-day,84d414ec45c5b436c8470ce314c3b83f,0.27,NaN,NaN,NaN,NaN,NaN,rain,994.24,Clear throughout the day.,1486194501,1486227267,44.37,1486216800,33.51,1486245600,1486166400,7.65,199,7.38
41.9,1486303200,27.63,1486252800,0.0,2017-02-04,34.35,0.92,clear-day,84d414ec45c5b436c8470ce314c3b83f,0.3,NaN,NaN,NaN,NaN,NaN,rain,1004.67,Clear throughout the day.,1486280793,1486313787,41.9,1486303200,32.33,1486335600,1486252800,5.03,160,1.53
32.59,1486396800,25.57,1486368000,0.18,2017-02-05,32.79,0.94,fog,84d414ec45c5b436c8470ce314c3b83f,0.34,NaN,NaN,NaN,NaN,NaN,rain,1015.66,Foggy in the morning.,1486367082,1486400308,39.89,1486396800,28.87,1486360800,1486339200,3.33,152,7.54
44.97,1486479600,27.63,1486429200,0.49,2017-02-06,37.9,0.94,partly-cloudy-day,84d414ec45c5b436c8470ce314c3b83f,0.38,NaN,NaN,NaN,NaN,NaN,rain,1013.59,Mostly cloudy until evening.,1486453369,1486486829,44.97,1486479600,36.4,1486501200,1486425600,4.39,153,5.77
32.49,1486558800,28.91,1486594800,0.82,2017-02-07,34.49,0.93,partly-cloudy-day,84d414ec45c5b436c8470ce314c3b83f,0.41,NaN,NaN,NaN,NaN,NaN,rain,1027.95,Mostly cloudy until evening.,1486539655,1486573350,38.01,1486558800,33.54,1486587600,1486512000,5.27,87,5.56
27.99,1486645200,25.82,1486670400,0.96,2017-02-08,29.94,0.86,cloudy,84d414ec45c5b436c8470ce314c3b83f,0.45,NaN,NaN,NaN,NaN,NaN,snow,1030.07,Overcast until evening.,1486625939,1486659871,35.01,1486645200,32.85,1486674000,1486598400,7.47,86,6.93
28.36,1486735200,25.13,1486760400,0.75,2017-02-09,30.09,0.87,partly-cloudy-day,84d414ec45c5b436c8470ce314c3b83f,0.49,NaN,NaN,NaN,NaN,NaN,snow,1027.58,Mostly cloudy until evening.,1486712222,1486746392,35.1,1486735200,32.47,1486710000,1486684800,7.15,37,7.82
27.98,1486843200,24.11,1486782000,NaN,2017-02-10,34.25,0.95,clear-day,84d414ec45c5b436c8470ce314c3b83f,0.52,NaN,NaN,NaN,NaN,NaN,rain,1026.81,Clear throughout the day.,1486798503,1486832913,36.93,1486843200,33.23,1486771200,1486771200,4.82,29,11.53
28.16,1486940400,22.95,1486882800,NaN,2017-02-11,33.37,0.93,fog,84d414ec45c5b436c8470ce314c3b83f,0.55,NaN,NaN,NaN,NaN,NaN,rain,1028.4,Foggy overnight.,1486884782,1486919434,37.19,1486940400,33.94,1486890000,1486857600,4.11,66,16.66
36.29,1486994400,27.58,1486947600,0.25,2017-02-12,36.37,0.91,fog,84d414ec45c5b436c8470ce314c3b83f,0.59,NaN,NaN,NaN,NaN,NaN,rain,1027.46,Foggy in the morning.,1486971060,1487005955,43.52,1486994400,37.01,1486962000,1486944000,2.44,83,14.34
37.61,1487080800,26.96,1487037600,0.09,2017-02-13,36.32,0.9,fog,84d414ec45c5b436c8470ce314c3b83f,0.62,NaN,NaN,NaN,NaN,NaN,rain,1024.76,Foggy in the morning.,1487057337,1487092475,42.79,1487080800,34.92,1487059200,1487030400,2.96,106,9.17
45.22,1487170800,38.69,1487134800,0.59,2017-02-14,43.37,0.94,fog,84d414ec45c5b436c8470ce314c3b83f,0.65,NaN,NaN,NaN,NaN,NaN,rain,1025.32,Foggy in the morning.,1487143612,1487178996,48.51,1487170800,42.22,1487120400,1487116800,3.57,174,5.63
41.43,1487250000,35.94,1487232000,0.22,2017-02-15,41.06,0.86,partly-cloudy-day,84d414ec45c5b436c8470ce314c3b83f,0.68,NaN,NaN,NaN,NaN,NaN,rain,1024.84,Partly cloudy until afternoon.,1487229886,1487265516,48.06,1487250000,42.16,1487221200,1487203200,7.3,245,12.66
47.42,1487343600,40.46,1487314800,0.2,2017-02-16,43.72,0.92,partly-cloudy-day,84d414ec45c5b436c8470ce314c3b83f,0.71,NaN,NaN,NaN,NaN,NaN,rain,1025.7,Partly cloudy until afternoon.,1487316159,1487352036,49.57,1487343600,42.28,1487318400,1487289600,5.9,226,4.18
50.84,1487430000,38.78,1487404800,0.0,2017-02-17,43.68,0.89,clear-day,84d414ec45c5b436c8470ce314c3b83f,0.74,NaN,NaN,NaN,NaN,NaN,rain,1021.35,Clear throughout the day.,1487402430,1487438556,50.84,1487430000,43.75,1487401200,1487376000,5.19,212,9.74
44.11,1487545200,39.18,1487484000,0.0,2017-02-18,44.02,0.88,clear-day,84d414ec45c5b436c8470ce314c3b83f,0.77,NaN,NaN,NaN,NaN,NaN,rain,1018.58,Clear throughout the day.,1487488700,1487525076,49.54,1487545200,44.48,1487487600,1487462400,7.42,262,11.71
53.51,1487588400,41.52,1487628000,0.61,2017-02-19,47.58,0.9,partly-cloudy-day,84d414ec45c5b436c8470ce314c3b83f,0.8,NaN,NaN,NaN,NaN,NaN,rain,1014.27,Mostly cloudy until evening.,1487574969,1487611595,53.51,1487588400,46.79,1487631600,1487548800,7.09,267,15.19
52.63,1487707200,36.62,1487656800,0.44,2017-02-20,43.84,0.86,wind,84d414ec45c5b436c8470ce314c3b83f,0.83,NaN,NaN,NaN,NaN,NaN,rain,1010.45,Mostly cloudy until evening and windy starting in the evening.,1487661237,1487698114,52.63,1487707200,41.31,1487664000,1487635200,7.44,246,13.72
51.62,1487721600,36.12,1487750400,0.47,2017-02-21,40.42,0.8,partly-cloudy-day,84d414ec45c5b436c8470ce314c3b83f,0.86,NaN,NaN,NaN,NaN,NaN,rain,1002.58,Mostly cloudy until evening.,1487747503,1487784633,51.62,1487721600,42.38,1487804400,1487721600,7.66,268,17.69
39.92,1487833200,27.71,1487869200,0.71,2017-02-22,38.73,0.9,wind,84d414ec45c5b436c8470ce314c3b83f,0.89,NaN,NaN,NaN,NaN,NaN,rain,991.17,Mostly cloudy until evening and windy in the afternoon.,1487833769,1487871151,46.84,1487833200,37.05,1487887200,1487808000,6.4,267,11.27
39.44,1487948400,28.45,1487912400,0.27,2017-02-23,33.51,0.78,partly-cloudy-day,84d414ec45c5b436c8470ce314c3b83f,0.93,NaN,NaN,NaN,NaN,NaN,rain,1013.0,Partly cloudy until evening.,1487920034,1487957669,44.47,1487948400,35.77,1487919600,1487894400,8.29,272,8.52
42.17,1488034800,33.83,1487984400,NaN,2017-02-24,42.93,0.89,clear-day,84d414ec45c5b436c8470ce314c3b83f,0.96,NaN,NaN,NaN,NaN,NaN,rain,1005.5,Clear throughout the day.,1488006298,1488044187,49.27,1488034800,41.15,1487984400,1487980800,7.15,215,17.06
42.79,1488121200,35.63,1488150000,NaN,2017-02-25,42.36,0.85,clear-day,84d414ec45c5b436c8470ce314c3b83f,0.99,NaN,NaN,NaN,NaN,NaN,rain,998.38,Clear throughout the day.,1488092560,1488130704,49.96,1488121200,42.31,1488150000,1488067200,7.69,219,15.32
39.39,1488200400,28.05,1488236400,0.58,2017-02-26,36.73,0.9,partly-cloudy-day,84d414ec45c5b436c8470ce314c3b83f,0.03,NaN,NaN,NaN,NaN,NaN,rain,985.7,Mostly cloudy until evening.,1488178822,1488217221,42.32,1488200400,34.33,1488236400,1488153600,7.63,224,6.9
34.53,1488286800,24.35,1488261600,0.34,2017-02-27,33.92,0.9,partly-cloudy-day,84d414ec45c5b436c8470ce314c3b83f,0.06,NaN,NaN,NaN,NaN,NaN,rain,984.52,Mostly cloudy until evening.,1488265083,1488303738,41.5,1488286800,31.29,1488265200,1488240000,7.18,250,7.11
37.14,1488380400,27.13,1488340800,0.4,2017-02-28,34.28,0.86,partly-cloudy-day,84d414ec45c5b436c8470ce314c3b83f,0.1,NaN,NaN,NaN,NaN,NaN,rain,994.76,Mostly cloudy until evening.,1488351344,1488390254,43.55,1488380400,32.98,1488348000,1488326400,7.83,249,8.03
51.3,1487833200,34.37,1487890800,0.71,2017-02-22,39.97,0.73,wind,51fa5362e943615c7b31d367b461fd2c,0.89,NaN,NaN,NaN,NaN,NaN,rain,998.5,Windy and mostly cloudy until evening.,1487833257,1487871137,51.3,1487833200,41.11,1487890800,1487808000,7.09,260,20.81
43.98,1487944800,29.97,1487916000,0.2,2017-02-23,32.09,0.69,partly-cloudy-day,51fa5362e943615c7b31d367b461fd2c,0.93,NaN,NaN,NaN,NaN,NaN,rain,1016.06,Partly cloudy until afternoon.,1487919532,1487957644,48.18,1487944800,36.37,1487916000,1487894400,7.53,279,7.41
43.79,1488031200,36.27,1487980800,0.68,2017-02-24,42.49,0.85,cloudy,51fa5362e943615c7b31d367b461fd2c,0.96,NaN,NaN,NaN,NaN,NaN,rain,1013.68,Overcast until evening.,1488005807,1488044151,49.77,1488031200,41.03,1487980800,1487980800,7.05,218,13.51
52.88,1488110400,41.78,1488150000,0.87,2017-02-25,46.13,0.87,partly-cloudy-day,51fa5362e943615c7b31d367b461fd2c,0.99,NaN,NaN,NaN,NaN,NaN,rain,1005.92,Mostly cloudy throughout the day.,1488092080,1488130658,52.88,1488110400,47.66,1488150000,1488067200,6.55,223,15.19
42.85,1488153600,30.69,1488236400,0.58,2017-02-26,40.81,0.89,partly-cloudy-day,51fa5362e943615c7b31d367b461fd2c,0.03,NaN,NaN,NaN,NaN,NaN,rain,990.26,Mostly cloudy until evening.,1488178353,1488217164,47.57,1488153600,37.23,1488236400,1488153600,6.92,212,11.18
37.48,1488319200,27.78,1488265200,0.55,2017-02-27,35.2,0.83,partly-cloudy-night,51fa5362e943615c7b31d367b461fd2c,0.06,NaN,NaN,NaN,NaN,NaN,rain,988.68,Mostly cloudy throughout the day.,1488264625,1488303670,45.31,1488319200,33.82,1488265200,1488240000,7.23,248,11.52
43.01,1488376800,34.17,1488409200,0.66,2017-02-28,39.03,0.81,wind,51fa5362e943615c7b31d367b461fd2c,0.1,NaN,NaN,NaN,NaN,NaN,rain,998.36,Mostly cloudy in the morning and breezy overnight.,1488350896,1488390176,47.51,1488376800,41.98,1488351600,1488326400,7.21,243,10.18
52.78,1487516400,34.34,1487473200,0.65,2017-02-18,42.63,0.87,partly-cloudy-day,c60d40fa98e6235ba0d1485c4253bfe6,0.77,NaN,NaN,NaN,NaN,NaN,rain,1022.49,Mostly cloudy throughout the day.,1487488105,1487525056,52.78,1487516400,38.61,1487469600,1487462400,5.83,246,7.25
61.36,1487599200,45.6,1487563200,0.78,2017-02-19,49.72,0.87,partly-cloudy-day,c60d40fa98e6235ba0d1485c4253bfe6,0.8,NaN,NaN,NaN,NaN,NaN,rain,1018.84,Mostly cloudy throughout the day.,1487574384,1487611565,61.36,1487599200,49.18,1487563200,1487548800,6.63,257,10.8
54.97,1487685600,45.92,1487660400,0.87,2017-02-20,48.72,0.87,wind,c60d40fa98e6235ba0d1485c4253bfe6,0.83,NaN,NaN,NaN,NaN,NaN,rain,1016.07,Overcast throughout the day and breezy overnight.,1487660662,1487698073,54.97,1487685600,49.95,1487660400,1487635200,7.08,253,12.32
55.02,1487764800,50.81,1487804400,0.95,2017-02-21,48.45,0.85,wind,c60d40fa98e6235ba0d1485c4253bfe6,0.86,NaN,NaN,NaN,NaN,NaN,rain,1008.47,Breezy in the morning and mostly cloudy throughout the day.,1487746940,1487784581,55.02,1487764800,50.81,1487804400,1487721600,7.19,248,16.69
50.99,1487833200,34.38,1487890800,0.7,2017-02-22,39.77,0.73,wind,c60d40fa98e6235ba0d1485c4253bfe6,0.89,NaN,NaN,NaN,NaN,NaN,rain,998.47,Windy and mostly cloudy until evening.,1487833216,1487871089,50.99,1487833200,41.33,1487890800,1487808000,7.55,259,20.87
43.25,1487944800,30.25,1487919600,0.24,2017-02-23,31.76,0.68,partly-cloudy-day,c60d40fa98e6235ba0d1485c4253bfe6,0.93,NaN,NaN,NaN,NaN,NaN,rain,1016.02,Partly cloudy until evening.,1487919491,1487957596,47.5,1487944800,36.82,1487919600,1487894400,8.24,282,7.54
44.09,1488031200,36.59,1487980800,0.68,2017-02-24,42.15,0.84,cloudy,c60d40fa98e6235ba0d1485c4253bfe6,0.96,NaN,NaN,NaN,NaN,NaN,rain,1013.64,Overcast until evening.,1488005766,1488044104,49.75,1488031200,41.41,1487980800,1487980800,7.47,218,13.56
52.28,1488110400,42.01,1488150000,0.86,2017-02-25,45.94,0.87,partly-cloudy-day,c60d40fa98e6235ba0d1485c4253bfe6,0.99,NaN,NaN,NaN,NaN,NaN,rain,1005.92,Mostly cloudy throughout the day.,1488092039,1488130610,52.28,1488110400,47.81,1488150000,1488067200,6.73,223,15.01
42.34,1488157200,31.03,1488236400,0.58,2017-02-26,40.7,0.88,partly-cloudy-day,c60d40fa98e6235ba0d1485c4253bfe6,0.03,NaN,NaN,NaN,NaN,NaN,rain,990.26,Mostly cloudy throughout the day.,1488178311,1488217117,47.57,1488157200,37.63,1488236400,1488153600,7.4,214,11.37
38.06,1488322800,27.85,1488265200,0.56,2017-02-27,34.88,0.82,partly-cloudy-night,c60d40fa98e6235ba0d1485c4253bfe6,0.06,NaN,NaN,NaN,NaN,NaN,rain,988.68,Mostly cloudy throughout the day.,1488264583,1488303623,45.4,1488322800,34.07,1488265200,1488240000,7.84,248,11.28
43.0,1488376800,34.55,1488409200,0.69,2017-02-28,38.83,0.81,wind,c60d40fa98e6235ba0d1485c4253bfe6,0.1,NaN,NaN,NaN,NaN,NaN,rain,998.35,Mostly cloudy throughout the day and breezy overnight.,1488350854,1488390129,47.36,1488376800,41.5,1488351600,1488326400,7.64,243,9.96
55.54,1487685600,50.56,1487660400,0.78,2017-02-20,48.76,0.86,wind,07d09eab6c837d4b0c0b17aba37e1dcf,0.83,NaN,NaN,NaN,NaN,NaN,rain,1015.91,Mostly cloudy until evening and breezy overnight.,1487660632,1487698038,55.54,1487685600,50.56,1487660400,1487635200,6.85,252,12.35
56.13,1487764800,51.48,1487804400,0.92,2017-02-21,48.64,0.83,partly-cloudy-day,07d09eab6c837d4b0c0b17aba37e1dcf,0.86,NaN,NaN,NaN,NaN,NaN,rain,1008.27,Mostly cloudy until evening.,1487746909,1487784546,56.13,1487764800,51.48,1487804400,1487721600,6.97,247,16.93
51.93,1487836800,35.35,1487890800,0.58,2017-02-22,39.97,0.71,wind,07d09eab6c837d4b0c0b17aba37e1dcf,0.89,NaN,NaN,NaN,NaN,NaN,rain,998.19,Windy and mostly cloudy until evening.,1487833185,1487871054,51.93,1487836800,42.26,1487890800,1487808000,7.24,258,21.58
44.71,1487944800,30.92,1487919600,0.2,2017-02-23,32.0,0.66,partly-cloudy-day,07d09eab6c837d4b0c0b17aba37e1dcf,0.93,NaN,NaN,NaN,NaN,NaN,rain,1015.88,Partly cloudy until afternoon.,1487919460,1487957562,48.73,1487944800,37.69,1487919600,1487894400,7.88,282,7.93
50.39,1488031200,38.24,1487984400,0.68,2017-02-24,42.11,0.82,cloudy,07d09eab6c837d4b0c0b17aba37e1dcf,0.96,NaN,NaN,NaN,NaN,NaN,rain,1013.64,Overcast until evening.,1488005735,1488044069,50.39,1488031200,42.91,1487980800,1487980800,7.2,219,13.79
52.69,1488110400,42.91,1488067200,0.81,2017-02-25,46.11,0.85,partly-cloudy-day,07d09eab6c837d4b0c0b17aba37e1dcf,0.99,NaN,NaN,NaN,NaN,NaN,rain,1005.91,Mostly cloudy until evening.,1488092008,1488130576,52.69,1488110400,48.73,1488067200,1488067200,6.45,223,15.38
43.44,1488157200,31.74,1488236400,0.47,2017-02-26,41.19,0.87,partly-cloudy-day,07d09eab6c837d4b0c0b17aba37e1dcf,0.03,NaN,NaN,NaN,NaN,NaN,rain,990.3,Mostly cloudy throughout the day.,1488178280,1488217082,48.45,1488157200,38.47,1488236400,1488153600,7.09,215,11.73
39.25,1488322800,28.89,1488265200,0.47,2017-02-27,35.06,0.81,partly-cloudy-day,07d09eab6c837d4b0c0b17aba37e1dcf,0.06,NaN,NaN,NaN,NaN,NaN,rain,988.57,Mostly cloudy until evening.,1488264552,1488303589,46.37,1488322800,35.3,1488265200,1488240000,7.52,246,11.58
43.53,1488380400,35.79,1488409200,0.61,2017-02-28,39.06,0.8,wind,07d09eab6c837d4b0c0b17aba37e1dcf,0.1,NaN,NaN,NaN,NaN,NaN,rain,998.25,Mostly cloudy throughout the day and breezy overnight.,1488350822,1488390094,47.99,1488380400,42.24,1488348000,1488326400,7.35,243,10.2
42.58,1486990800,32.06,1486972800,0.04,2017-02-12,37.42,0.82,clear-day,f69e492442cd452124c75e6805d8e37d,0.59,NaN,NaN,NaN,NaN,NaN,rain,1021.91,Clear throughout the day.,1486970367,1487005961,48.71,1486990800,39.72,1486969200,1486944000,3.29,81,14.25
52.5,1487084400,32.93,1487044800,0.3,2017-02-13,38.28,0.77,partly-cloudy-night,f69e492442cd452124c75e6805d8e37d,0.62,NaN,NaN,NaN,NaN,NaN,rain,1023.32,"Mostly cloudy starting in the afternoon, continuing until evening.",1487056654,1487092471,52.5,1487084400,38.64,1487055600,1487030400,5.54,109,7.8
52.68,1487163600,40.54,1487199600,0.48,2017-02-14,45.67,0.89,partly-cloudy-day,f69e492442cd452124c75e6805d8e37d,0.65,NaN,NaN,NaN,NaN,NaN,rain,1027.79,Mostly cloudy until evening.,1487142940,1487178981,52.68,1487163600,45.01,1487199600,1487116800,5.08,185,5.84
52.66,1487253600,39.86,1487214000,0.35,2017-02-15,42.58,0.83,partly-cloudy-day,f69e492442cd452124c75e6805d8e37d,0.68,NaN,NaN,NaN,NaN,NaN,rain,1029.46,Partly cloudy until evening.,1487229224,1487265491,52.66,1487253600,43.84,1487224800,1487203200,6.97,239,7.89
55.48,1487340000,40.4,1487372400,0.27,2017-02-16,42.87,0.81,partly-cloudy-day,f69e492442cd452124c75e6805d8e37d,0.71,NaN,NaN,NaN,NaN,NaN,rain,1027.77,Partly cloudy until afternoon.,1487315508,1487352001,55.48,1487340000,43.78,1487372400,1487289600,6.72,241,5.07
54.58,1487433600,39.02,1487390400,0.42,2017-02-17,41.59,0.83,cloudy,f69e492442cd452124c75e6805d8e37d,0.74,NaN,NaN,NaN,NaN,NaN,rain,1025.17,Overcast until afternoon.,1487401789,1487438510,54.58,1487433600,42.91,1487390400,1487376000,4.7,207,6.33
53.73,1487516400,36.06,1487476800,0.53,2017-02-18,42.91,0.85,partly-cloudy-day,f69e492442cd452124c75e6805d8e37d,0.77,NaN,NaN,NaN,NaN,NaN,rain,1022.39,Mostly cloudy until evening.,1487488070,1487525019,53.73,1487516400,40.75,1487476800,1487462400,5.71,247,7.67
63.5,1487599200,46.05,1487563200,0.6,2017-02-19,49.89,0.85,partly-cloudy-day,f69e492442cd452124c75e6805d8e37d,0.8,NaN,NaN,NaN,NaN,NaN,rain,1018.64,Mostly cloudy until evening.,1487574350,1487611528,63.5,1487599200,49.85,1487563200,1487548800,6.44,256,11.16
55.8,1487685600,50.82,1487660400,0.78,2017-02-20,48.77,0.85,wind,f69e492442cd452124c75e6805d8e37d,0.83,NaN,NaN,NaN,NaN,NaN,rain,1015.91,Mostly cloudy until evening and breezy overnight.,1487660628,1487698036,55.8,1487685600,50.82,1487660400,1487635200,6.84,252,12.36
56.63,1487764800,51.78,1487804400,0.92,2017-02-21,48.73,0.83,wind,f69e492442cd452124c75e6805d8e37d,0.86,NaN,NaN,NaN,NaN,NaN,rain,1008.27,Breezy in the morning and mostly cloudy until evening.,1487746905,1487784544,56.63,1487764800,51.78,1487804400,1487721600,6.94,247,16.97
52.55,1487836800,35.88,1487890800,0.58,2017-02-22,39.99,0.71,wind,f69e492442cd452124c75e6805d8e37d,0.89,NaN,NaN,NaN,NaN,NaN,rain,998.19,Windy and mostly cloudy until evening.,1487833181,1487871052,52.55,1487836800,42.69,1487890800,1487808000,7.22,258,21.64
45.61,1487944800,31.13,1487919600,0.19,2017-02-23,32.0,0.65,partly-cloudy-day,f69e492442cd452124c75e6805d8e37d,0.93,NaN,NaN,NaN,NaN,NaN,rain,1015.88,Partly cloudy until afternoon.,1487919457,1487957560,49.45,1487944800,37.87,1487919600,1487894400,7.85,282,7.96
50.74,1488031200,38.88,1487984400,0.68,2017-02-24,42.12,0.82,cloudy,f69e492442cd452124c75e6805d8e37d,0.96,NaN,NaN,NaN,NaN,NaN,rain,1013.64,Overcast until evening.,1488005731,1488044067,50.74,1488031200,43.55,1487980800,1487980800,7.18,219,13.81
52.86,1488110400,43.11,1488067200,0.81,2017-02-25,46.19,0.84,partly-cloudy-day,f69e492442cd452124c75e6805d8e37d,0.99,NaN,NaN,NaN,NaN,NaN,rain,1005.92,Mostly cloudy until evening.,1488092004,1488130574,52.86,1488110400,48.89,1488067200,1488067200,6.42,222,15.4
43.84,1488157200,32.11,1488236400,0.46,2017-02-26,41.36,0.87,partly-cloudy-day,f69e492442cd452124c75e6805d8e37d,0.03,NaN,NaN,NaN,NaN,NaN,rain,990.31,Mostly cloudy throughout the day.,1488178276,1488217080,48.78,1488157200,38.78,1488236400,1488153600,7.06,215,11.76
39.73,1488322800,29.35,1488265200,0.47,2017-02-27,35.14,0.8,partly-cloudy-day,f69e492442cd452124c75e6805d8e37d,0.06,NaN,NaN,NaN,NaN,NaN,rain,988.57,Mostly cloudy until evening.,1488264548,1488303586,46.74,1488322800,35.7,1488265200,1488240000,7.5,246,11.61
44.24,1488380400,36.22,1488409200,0.61,2017-02-28,39.18,0.8,wind,f69e492442cd452124c75e6805d8e37d,0.1,NaN,NaN,NaN,NaN,NaN,rain,998.26,Mostly cloudy throughout the day and breezy overnight.,1488350819,1488390092,48.56,1488380400,42.68,1488351600,1488326400,7.33,243,10.24
37.03,1486515600,30.75,1486594800,0.89,2017-02-07,35.34,0.89,partly-cloudy-day,f5e2c06c5530335d2c994d20ed071bcb,0.41,NaN,NaN,NaN,NaN,NaN,rain,1026.14,Mostly cloudy throughout the day.,1486539008,1486573453,39.5,1486515600,35.95,1486594800,1486512000,5.25,22,5.01
28.6,1486648800,26.76,1486670400,1.0,2017-02-08,31.35,0.87,fog,f5e2c06c5530335d2c994d20ed071bcb,0.45,NaN,NaN,NaN,NaN,NaN,rain,1027.76,Foggy overnight.,1486625302,1486659964,35.46,1486648800,33.91,1486681200,1486598400,5.21,51,7.85
27.99,1486742400,26.25,1486710000,0.91,2017-02-09,32.27,0.93,fog,f5e2c06c5530335d2c994d20ed071bcb,0.49,NaN,NaN,NaN,NaN,NaN,rain,1024.01,Foggy until afternoon.,1486711595,1486746476,34.98,1486742400,33.06,1486753200,1486684800,2.58,24,7.83
28.83,1486854000,25.06,1486800000,1.0,2017-02-10,32.19,0.93,fog,f5e2c06c5530335d2c994d20ed071bcb,0.52,NaN,NaN,NaN,NaN,NaN,snow,1022.6,Foggy overnight.,1486797886,1486832987,35.76,1486854000,32.38,1486800000,1486771200,3.0,12,8.2
33.54,1486940400,26.58,1486890000,0.99,2017-02-11,34.77,0.93,fog,f5e2c06c5530335d2c994d20ed071bcb,0.55,NaN,NaN,NaN,NaN,NaN,rain,1022.46,Foggy until afternoon.,1486884175,1486919498,41.19,1486940400,34.18,1486890000,1486857600,2.49,61,10.4
42.21,1486994400,30.5,1486969200,0.08,2017-02-12,36.87,0.84,clear-day,f5e2c06c5530335d2c994d20ed071bcb,0.59,NaN,NaN,NaN,NaN,NaN,rain,1021.79,Clear throughout the day.,1486970463,1487006009,48.37,1486994400,38.33,1486969200,1486944000,3.41,83,13.87
50.57,1487084400,29.82,1487044800,0.45,2017-02-13,38.48,0.83,partly-cloudy-day,f5e2c06c5530335d2c994d20ed071bcb,0.62,NaN,NaN,NaN,NaN,NaN,rain,1023.17,Mostly cloudy throughout the day.,1487056749,1487092520,50.57,1487084400,36.59,1487052000,1487030400,5.58,112,7.79
51.26,1487163600,40.99,1487199600,0.63,2017-02-14,45.68,0.94,partly-cloudy-day,f5e2c06c5530335d2c994d20ed071bcb,0.65,NaN,NaN,NaN,NaN,NaN,rain,1027.63,Mostly cloudy throughout the day.,1487143034,1487179030,51.26,1487163600,45.23,1487199600,1487116800,5.01,184,6.09
51.57,1487257200,39.2,1487224800,0.47,2017-02-15,42.54,0.87,partly-cloudy-day,f5e2c06c5530335d2c994d20ed071bcb,0.68,NaN,NaN,NaN,NaN,NaN,rain,1029.43,Partly cloudy until evening.,1487229318,1487265541,51.57,1487257200,42.46,1487224800,1487203200,7.21,240,7.54
53.25,1487336400,38.69,1487372400,0.39,2017-02-16,42.9,0.86,partly-cloudy-day,f5e2c06c5530335d2c994d20ed071bcb,0.71,NaN,NaN,NaN,NaN,NaN,rain,1027.77,Mostly cloudy until afternoon.,1487315600,1487352051,53.25,1487336400,42.36,1487372400,1487289600,7.05,240,4.82
52.36,1487433600,37.47,1487458800,0.55,2017-02-17,41.4,0.88,fog,f5e2c06c5530335d2c994d20ed071bcb,0.74,NaN,NaN,NaN,NaN,NaN,rain,1025.11,Foggy in the morning.,1487401881,1487438561,52.36,1487433600,40.37,1487458800,1487376000,4.65,205,6.31
52.43,1487516400,34.6,1487473200,0.56,2017-02-18,42.79,0.88,partly-cloudy-day,f5e2c06c5530335d2c994d20ed071bcb,0.77,NaN,NaN,NaN,NaN,NaN,rain,1022.37,Mostly cloudy until evening.,1487488161,1487525071,52.43,1487516400,38.45,1487469600,1487462400,5.88,245,7.16
60.57,1487599200,45.33,1487556000,0.68,2017-02-19,49.72,0.87,partly-cloudy-day,f5e2c06c5530335d2c994d20ed071bcb,0.8,NaN,NaN,NaN,NaN,NaN,rain,1018.72,Mostly cloudy until evening.,1487574440,1487611580,60.57,1487599200,48.92,1487563200,1487548800,6.63,257,10.82
54.48,1487685600,45.59,1487660400,0.86,2017-02-20,48.67,0.88,wind,f5e2c06c5530335d2c994d20ed071bcb,0.83,NaN,NaN,NaN,NaN,NaN,rain,1015.91,Mostly cloudy throughout the day and breezy overnight.,1487660718,1487698089,54.48,1487685600,49.55,1487656800,1487635200,7.04,251,12.06
54.69,1487764800,50.61,1487804400,0.93,2017-02-21,48.37,0.86,partly-cloudy-day,f5e2c06c5530335d2c994d20ed071bcb,0.86,NaN,NaN,NaN,NaN,NaN,rain,1008.21,Mostly cloudy throughout the day.,1487746994,1487784598,54.69,1487764800,50.61,1487804400,1487721600,7.42,248,16.24
50.82,1487808000,33.71,1487890800,0.69,2017-02-22,39.85,0.74,wind,f5e2c06c5530335d2c994d20ed071bcb,0.89,NaN,NaN,NaN,NaN,NaN,rain,998.19,Windy and mostly cloudy until evening.,1487833270,1487871107,50.82,1487808000,40.79,1487890800,1487808000,7.61,259,20.46
43.22,1487948400,29.73,1487919600,0.24,2017-02-23,31.87,0.7,partly-cloudy-day,f5e2c06c5530335d2c994d20ed071bcb,0.93,NaN,NaN,NaN,NaN,NaN,rain,1015.94,Partly cloudy until evening.,1487919544,1487957615,47.03,1487948400,36.53,1487919600,1487894400,8.29,281,7.69
43.85,1488031200,35.85,1487980800,0.68,2017-02-24,42.08,0.85,cloudy,f5e2c06c5530335d2c994d20ed071bcb,0.96,NaN,NaN,NaN,NaN,NaN,rain,1013.4,Overcast until evening.,1488005818,1488044123,49.57,1488031200,40.92,1487980800,1487980800,7.52,218,13.58
52.1,1488110400,41.64,1488150000,0.8,2017-02-25,45.71,0.87,partly-cloudy-day,f5e2c06c5530335d2c994d20ed071bcb,0.99,NaN,NaN,NaN,NaN,NaN,rain,1005.68,Mostly cloudy until evening.,1488092090,1488130631,52.1,1488110400,47.32,1488150000,1488067200,7.05,222,14.78
41.9,1488157200,30.92,1488236400,0.53,2017-02-26,40.46,0.88,partly-cloudy-day,f5e2c06c5530335d2c994d20ed071bcb,0.03,NaN,NaN,NaN,NaN,NaN,rain,990.08,Mostly cloudy throughout the day.,1488178362,1488217138,47.08,1488157200,37.41,1488236400,1488153600,7.66,213,11.11
37.33,1488322800,27.63,1488265200,0.54,2017-02-27,34.97,0.84,partly-cloudy-night,f5e2c06c5530335d2c994d20ed071bcb,0.06,NaN,NaN,NaN,NaN,NaN,rain,988.5,Mostly cloudy in the morning.,1488264633,1488303645,44.83,1488322800,33.85,1488265200,1488240000,7.87,247,11.03
42.98,1488376800,33.94,1488409200,0.68,2017-02-28,38.64,0.82,wind,f5e2c06c5530335d2c994d20ed071bcb,0.1,NaN,NaN,NaN,NaN,NaN,rain,998.21,Mostly cloudy throughout the day and breezy overnight.,1488350903,1488390151,47.29,1488376800,40.79,1488348000,1488326400,7.7,244,9.55
46.21,1486476000,34.8,1486425600,0.62,2017-02-06,39.69,0.88,partly-cloudy-day,16bdd6fe40ed85ce99a456af6d7cff93,0.38,NaN,0.6575,10.22,1486486800.0,0.98,rain,1014.25,Partly cloudy throughout the day.,1486452810,1486487112,49.18,1486476000,39.1,1486508400,1486425600,6.52,244,2.53
35.72,1486555200,31.02,1486594800,0.85,2017-02-07,35.85,0.9,partly-cloudy-day,16bdd6fe40ed85ce99a456af6d7cff93,0.41,NaN,0.0,0.0,NaN,0.0,NaN,1026.23,Mostly cloudy throughout the day.,1486539106,1486573623,40.36,1486555200,36.12,1486594800,1486512000,6.1,14,4.56
30.28,1486598400,26.4,1486670400,0.99,2017-02-08,31.14,0.87,fog,16bdd6fe40ed85ce99a456af6d7cff93,0.45,NaN,0.3283,7.55,1486638000.0,0.98,rain,1027.62,Foggy overnight.,1486625401,1486660133,35.61,1486598400,33.74,1486681200,1486598400,5.57,54,7.92
27.46,1486742400,25.43,1486713600,0.92,2017-02-09,32.02,0.94,fog,16bdd6fe40ed85ce99a456af6d7cff93,0.49,60.572,0.3321,7.8,1486695600.0,0.98,snow,1024.16,Foggy until afternoon.,1486711694,1486746643,34.79,1486742400,32.42,1486753200,1486684800,2.61,28,8.21
28.52,1486854000,24.06,1486800000,0.98,2017-02-10,31.7,0.92,cloudy,16bdd6fe40ed85ce99a456af6d7cff93,0.52,NaN,0.0,0.0,NaN,0.0,NaN,1022.92,Overcast throughout the day.,1486797986,1486833154,35.58,1486854000,32.29,1486800000,1486771200,3.6,9,8.82
33.2,1486940400,26.36,1486886400,1.0,2017-02-11,34.33,0.92,partly-cloudy-day,16bdd6fe40ed85ce99a456af6d7cff93,0.55,NaN,0.4063,9.75,1486868400.0,0.98,rain,1022.19,Mostly cloudy throughout the day.,1486884276,1486919664,41.1,1486940400,34.3,1486886400,1486857600,2.94,59,10.92
43.77,1486994400,30.49,1486969200,0.27,2017-02-12,36.54,0.83,partly-cloudy-day,16bdd6fe40ed85ce99a456af6d7cff93,0.59,NaN,0.08,1.92,1486962000.0,0.96,rain,1020.94,Partly cloudy in the morning.,1486970565,1487006174,49.47,1486994400,37.95,1486969200,1486944000,3.78,78,13.26
46.03,1487084400,29.05,1487048400,0.61,2017-02-13,38.61,0.85,partly-cloudy-day,16bdd6fe40ed85ce99a456af6d7cff93,0.62,NaN,0.0,0.0,NaN,0.0,NaN,1022.7,Mostly cloudy throughout the day.,1487056853,1487092684,49.64,1487084400,35.8,1487048400,1487030400,5.26,111,7.51
46.1,1487156400,40.61,1487199600,0.78,2017-02-14,45.76,0.96,fog,16bdd6fe40ed85ce99a456af6d7cff93,0.65,NaN,0.0,0.0,NaN,0.0,NaN,1027.48,Foggy in the morning.,1487143138,1487179193,49.63,1487156400,44.96,1487199600,1487116800,4.77,184,6.05
51.42,1487253600,38.33,1487224800,0.63,2017-02-15,42.3,0.87,partly-cloudy-day,16bdd6fe40ed85ce99a456af6d7cff93,0.68,NaN,0.0,0.0,NaN,0.0,NaN,1029.6,Mostly cloudy throughout the day.,1487229423,1487265703,51.42,1487253600,41.93,1487221200,1487203200,7.66,236,6.92
52.44,1487340000,37.56,1487372400,0.55,2017-02-16,42.57,0.88,partly-cloudy-day,16bdd6fe40ed85ce99a456af6d7cff93,0.71,NaN,0.0,0.0,NaN,0.0,NaN,1027.9,Mostly cloudy throughout the day.,1487315706,1487352212,52.44,1487340000,41.07,1487368800,1487289600,6.96,229,4.36
52.31,1487430000,36.73,1487458800,0.61,2017-02-17,41.28,0.9,fog,16bdd6fe40ed85ce99a456af6d7cff93,0.74,NaN,0.0,0.0,NaN,0.0,NaN,1025.06,Foggy in the morning.,1487401989,1487438721,52.31,1487430000,39.52,1487458800,1487376000,4.68,194,5.83
51.55,1487509200,34.33,1487469600,0.76,2017-02-18,43.04,0.89,partly-cloudy-day,16bdd6fe40ed85ce99a456af6d7cff93,0.77,NaN,0.0,0.0,NaN,0.0,NaN,1022.62,Mostly cloudy throughout the day.,1487488269,1487525230,51.55,1487509200,38.06,1487466000,1487462400,6.28,245,6.88
58.82,1487599200,45.13,1487556000,0.86,2017-02-19,49.61,0.9,partly-cloudy-day,16bdd6fe40ed85ce99a456af6d7cff93,0.8,NaN,0.0,0.0,NaN,0.0,NaN,1019.28,Mostly cloudy throughout the day.,1487574549,1487611739,58.82,1487599200,48.59,1487556000,1487548800,6.73,259,10.19
54.14,1487685600,45.31,1487656800,0.92,2017-02-20,48.52,0.89,wind,16bdd6fe40ed85ce99a456af6d7cff93,0.83,NaN,0.2233,5.36,1487692800.0,0.98,rain,1016.37,Overcast throughout the day and breezy overnight.,1487660828,1487698247,54.14,1487685600,49.31,1487656800,1487635200,7.76,253,12.41
54.08,1487772000,50.17,1487804400,0.94,2017-02-21,48.47,0.88,wind,16bdd6fe40ed85ce99a456af6d7cff93,0.86,NaN,0.0,0.0,NaN,0.0,NaN,1008.74,Breezy in the morning and mostly cloudy throughout the day.,1487747105,1487784755,54.08,1487772000,50.17,1487804400,1487721600,7.7,249,16.66
50.22,1487815200,33.63,1487890800,0.69,2017-02-22,39.53,0.75,wind,16bdd6fe40ed85ce99a456af6d7cff93,0.89,NaN,0.1825,4.38,1487840400.0,0.97,rain,999.02,Mostly cloudy throughout the day and windy until evening.,1487833381,1487871262,50.22,1487815200,40.46,1487890800,1487808000,8.26,259,19.52
43.57,1487952000,29.25,1487919600,0.32,2017-02-23,31.58,0.71,partly-cloudy-day,16bdd6fe40ed85ce99a456af6d7cff93,0.93,NaN,0.0,NaN,NaN,0.0,NaN,1016.32,Partly cloudy throughout the day.,1487919657,1487957770,46.92,1487952000,35.51,1487919600,1487894400,9.19,279,6.76
43.62,1488027600,35.8,1487980800,0.85,2017-02-24,42.4,0.86,cloudy,16bdd6fe40ed85ce99a456af6d7cff93,0.96,NaN,0.3563,8.55,1488045600.0,0.98,rain,1013.37,Overcast throughout the day.,1488005931,1488044277,49.52,1488027600,40.52,1487980800,1487980800,8.09,215,13.73
50.89,1488110400,41.2,1488150000,0.86,2017-02-25,45.72,0.89,wind,16bdd6fe40ed85ce99a456af6d7cff93,0.99,NaN,0.1283,3.08,1488106800.0,0.97,rain,1005.67,Mostly cloudy throughout the day and breezy in the evening.,1488092205,1488130783,50.89,1488110400,46.85,1488150000,1488067200,7.41,222,14.51
41.38,1488153600,30.02,1488236400,0.65,2017-02-26,39.82,0.88,partly-cloudy-day,16bdd6fe40ed85ce99a456af6d7cff93,0.03,NaN,0.0371,0.89,1488193200.0,0.93,rain,989.93,Mostly cloudy throughout the day.,1488178477,1488217290,46.54,1488153600,36.46,1488236400,1488153600,8.14,213,11.15
37.13,1488319200,27.45,1488265200,0.6,2017-02-27,34.85,0.84,wind,16bdd6fe40ed85ce99a456af6d7cff93,0.06,NaN,0.7963,10.22,1488301200.0,0.98,rain,988.86,Mostly cloudy throughout the day and breezy starting in the evening.,1488264749,1488303796,44.78,1488319200,32.8,1488265200,1488240000,8.65,250,11.23
42.24,1488369600,33.46,1488409200,0.75,2017-02-28,38.73,0.83,wind,16bdd6fe40ed85ce99a456af6d7cff93,0.1,NaN,1.1238,10.22,1488409200.0,0.98,rain,998.49,Mostly cloudy throughout the day and breezy overnight.,1488351020,1488390301,46.7,1488369600,40.42,1488351600,1488326400,8.34,241,9.35
42.39,1487833200,33.42,1487883600,0.66,2017-02-22,38.42,0.73,wind,11aeddbd12e79cae8dddb694e200f00d,0.89,NaN,NaN,NaN,NaN,NaN,rain,1000.95,Windy and mostly cloudy until evening.,1487833432,1487871423,49.97,1487833200,41.09,1487887200,1487808000,6.85,261,21.64
43.97,1487948400,30.44,1487908800,0.32,2017-02-23,31.22,0.67,partly-cloudy-day,11aeddbd12e79cae8dddb694e200f00d,0.93,NaN,NaN,NaN,NaN,NaN,rain,1016.87,Partly cloudy until evening.,1487919709,1487957928,47.98,1487948400,36.11,1487919600,1487894400,8.13,287,6.78
41.88,1488063600,38.33,1487980800,1.0,2017-02-24,42.75,0.87,cloudy,11aeddbd12e79cae8dddb694e200f00d,0.96,NaN,NaN,NaN,NaN,NaN,rain,1014.04,Overcast until evening.,1488005986,1488044432,48.29,1488063600,42.17,1487980800,1487980800,6.91,218,14.75
44.34,1488106800,38.72,1488135600,0.88,2017-02-25,46.15,0.93,wind,11aeddbd12e79cae8dddb694e200f00d,0.99,NaN,NaN,NaN,NaN,NaN,rain,1006.47,Mostly cloudy throughout the day and breezy in the evening.,1488092262,1488130937,49.95,1488106800,46.23,1488146400,1488067200,5.82,224,15.33
41.12,1488153600,30.45,1488229200,0.77,2017-02-26,39.4,0.87,partly-cloudy-day,11aeddbd12e79cae8dddb694e200f00d,0.03,NaN,NaN,NaN,NaN,NaN,rain,990.37,Mostly cloudy throughout the day.,1488178537,1488217441,46.68,1488153600,36.36,1488232800,1488153600,6.83,221,12.3
36.61,1488315600,27.9,1488250800,0.58,2017-02-27,33.92,0.79,wind,11aeddbd12e79cae8dddb694e200f00d,0.06,NaN,NaN,NaN,NaN,NaN,rain,989.78,Partly cloudy throughout the day and breezy starting in the evening.,1488264811,1488303944,45.04,1488315600,30.6,1488265200,1488240000,7.71,259,11.87
40.85,1488369600,34.27,1488409200,0.74,2017-02-28,38.25,0.82,wind,11aeddbd12e79cae8dddb694e200f00d,0.1,NaN,NaN,NaN,NaN,NaN,rain,999.23,Mostly cloudy throughout the day and breezy starting in the evening.,1488351084,1488390448,45.13,1488369600,39.31,1488351600,1488326400,6.75,248,8.6
